imgN,groundtruth
1,0.029156862745098
2,0.128290196078431
3,0.119543137254902
4,0.00583137254901961
5,0.102049019607843
6,0.110796078431373
7,0.0437352941176471
8,0.00874705882352941
9,0.102049019607843
10,0.0874705882352941
11,0.137037254901961
12,0.0524823529411765
13,0.0174941176470588
14,0.0845549019607843
15,0.134121568627451
16,0.0204098039215686
17,0.104964705882353
18,0.0787235294117647
19,0.0845549019607843
20,0.110796078431373
21,0.0349882352941176
22,0.0320725490196078
23,0.0349882352941176
24,0.0728921568627451
25,0.0816392156862745
26,0.0320725490196078
27,0.0787235294117647
28,0.137037254901961
29,0.134121568627451
30,0.134121568627451
31,0.00583137254901961
32,0.119543137254902
33,0.0670607843137255
34,0.0874705882352941
35,0.116627450980392
36,0.14286862745098
37,0.0437352941176471
38,0.0495666666666667
39,0.0933019607843137
40,0.116627450980392
41,0.0787235294117647
42,0.0699764705882353
43,0.119543137254902
44,0.0349882352941176
45,0.029156862745098
46,0.0903862745098039
47,0.0816392156862745
48,0.00583137254901961
49,0.122458823529412
50,0.00583137254901961
51,0.116627450980392
52,0.0816392156862745
53,0.0524823529411765
54,0.102049019607843
55,0.0379039215686275
56,0.116627450980392
57,0.0758078431372549
58,0.139952941176471
59,0.119543137254902
60,0.0933019607843137
61,0.00583137254901961
62,0.0699764705882353
63,0.0903862745098039
64,0.134121568627451
65,0.104964705882353
66,0.119543137254902
67,0.0787235294117647
68,0.00583137254901961
69,0.0816392156862745
70,0.0466509803921569
71,0.137037254901961
72,0.0262411764705882
73,0.0845549019607843
74,0.0262411764705882
75,0.0874705882352941
76,0.0262411764705882
77,0.0029156862745098
78,0.0029156862745098
79,0.110796078431373
80,0.0204098039215686
81,0.0670607843137255
82,0.0962176470588235
83,0.125374509803922
84,0.0524823529411765
85,0.0320725490196078
86,0.116627450980392
87,0.0466509803921569
88,0.14286862745098
89,0.029156862745098
90,0.0874705882352941
91,0.122458823529412
92,0.0787235294117647
93,0.0524823529411765
94,0.00874705882352941
95,0.0320725490196078
96,0.0816392156862745
97,0.137037254901961
98,0.113711764705882
99,0.131205882352941
100,0.0437352941176471
101,0.122458823529412
102,0.0933019607843137
103,0.0641450980392157
104,0.0116627450980392
105,0.104964705882353
106,0.0116627450980392
107,0.0379039215686275
108,0.125374509803922
109,0.0437352941176471
110,0.0758078431372549
111,0.0495666666666667
112,0.14578431372549
113,0.0641450980392157
114,0.0816392156862745
115,0.0670607843137255
116,0.0612294117647059
117,0.104964705882353
118,0.0553980392156863
119,0.0262411764705882
120,0.0728921568627451
121,0.0903862745098039
122,0.0204098039215686
123,0.0845549019607843
124,0.137037254901961
125,0.0933019607843137
126,0.029156862745098
127,0.0962176470588235
128,0.0553980392156863
129,0.00874705882352941
130,0.00583137254901961
131,0.104964705882353
132,0.107880392156863
133,0.0116627450980392
134,0.0991333333333333
135,0.029156862745098
136,0.0962176470588235
137,0.0495666666666667
138,0.0116627450980392
139,0.0670607843137255
140,0.0991333333333333
141,0.0787235294117647
142,0.0495666666666667
143,0.0495666666666667
144,0.0495666666666667
145,0.00583137254901961
146,0.0903862745098039
147,0.122458823529412
148,0.014578431372549
149,0.0349882352941176
150,0.0641450980392157
151,0.0903862745098039
152,0.125374509803922
153,0.0116627450980392
154,0.0787235294117647
155,0.0349882352941176
156,0.14286862745098
157,0.139952941176471
158,0.0874705882352941
159,0.107880392156863
160,0.0029156862745098
161,0.0758078431372549
162,0.0874705882352941
163,0.014578431372549
164,0.102049019607843
165,0.0262411764705882
166,0.014578431372549
167,0.0728921568627451
168,0.107880392156863
169,0.0320725490196078
170,0.102049019607843
171,0.0524823529411765
172,0.0874705882352941
173,0.0758078431372549
174,0.14578431372549
175,0.0728921568627451
176,0.102049019607843
177,0.0466509803921569
178,0.104964705882353
179,0.0583137254901961
180,0.029156862745098
181,0.0933019607843137
182,0.0874705882352941
183,0.110796078431373
184,0.0262411764705882
185,0.0816392156862745
186,0.0553980392156863
187,0.0583137254901961
188,0.137037254901961
189,0.128290196078431
190,0.014578431372549
191,0.0816392156862745
192,0.0524823529411765
193,0.00583137254901961
194,0.00874705882352941
195,0.134121568627451
196,0.0204098039215686
197,0.102049019607843
198,0.00583137254901961
199,0.116627450980392
200,0.131205882352941
201,0.113711764705882
202,0.137037254901961
203,0.0029156862745098
204,0.0408196078431373
205,0.131205882352941
206,0.134121568627451
207,0.0524823529411765
208,0.0845549019607843
209,0.14578431372549
210,0.00874705882352941
211,0.104964705882353
212,0.119543137254902
213,0.0816392156862745
214,0.0962176470588235
215,0.00874705882352941
216,0.102049019607843
217,0.137037254901961
218,0.0933019607843137
219,0.0495666666666667
220,0.128290196078431
221,0.128290196078431
222,0.119543137254902
223,0.0787235294117647
224,0.110796078431373
225,0.0349882352941176
226,0.0612294117647059
227,0.14286862745098
228,0.0874705882352941
229,0.0962176470588235
230,0.014578431372549
231,0.0466509803921569
232,0.0845549019607843
233,0.102049019607843
234,0.134121568627451
235,0.104964705882353
236,0.0641450980392157
237,0.0933019607843137
238,0.0903862745098039
239,0.0379039215686275
240,0.0874705882352941
241,0.00583137254901961
242,0.139952941176471
243,0.0379039215686275
244,0.0728921568627451
245,0.014578431372549
246,0.00583137254901961
247,0.119543137254902
248,0.0524823529411765
249,0.107880392156863
250,0.14286862745098
251,0.0116627450980392
252,0.0962176470588235
253,0.0962176470588235
254,0.0553980392156863
255,0.128290196078431
256,0.0816392156862745
257,0.113711764705882
258,0.134121568627451
259,0.0699764705882353
260,0.113711764705882
261,0.0816392156862745
262,0.0174941176470588
263,0.0787235294117647
264,0.128290196078431
265,0.122458823529412
266,0.0903862745098039
267,0.0699764705882353
268,0.0787235294117647
269,0.0699764705882353
270,0.0320725490196078
271,0.014578431372549
272,0.0874705882352941
273,0.0233254901960784
274,0.0903862745098039
275,0.102049019607843
276,0.0408196078431373
277,0.0903862745098039
278,0.0437352941176471
279,0.122458823529412
280,0.0699764705882353
281,0.0903862745098039
282,0.0962176470588235
283,0.0233254901960784
284,0.0379039215686275
285,0.116627450980392
286,0.128290196078431
287,0.0758078431372549
288,0.029156862745098
289,0.110796078431373
290,0.0174941176470588
291,0.0933019607843137
292,0.139952941176471
293,0.125374509803922
294,0.110796078431373
295,0.0349882352941176
296,0.0641450980392157
297,0.0408196078431373
298,0.104964705882353
299,0.0699764705882353
300,0.0466509803921569
301,0.137037254901961
302,0.0408196078431373
303,0.0583137254901961
304,0.128290196078431
305,0.0845549019607843
306,0.0991333333333333
307,0.0495666666666667
308,0.029156862745098
309,0.0553980392156863
310,0.0174941176470588
311,0.0029156862745098
312,0.14578431372549
313,0.029156862745098
314,0.0816392156862745
315,0.14578431372549
316,0.104964705882353
317,0.0583137254901961
318,0.00583137254901961
319,0.0816392156862745
320,0.0495666666666667
321,0.0933019607843137
322,0.0437352941176471
323,0.137037254901961
324,0.104964705882353
325,0.0204098039215686
326,0.125374509803922
327,0.014578431372549
328,0.00583137254901961
329,0.131205882352941
330,0.0962176470588235
331,0.125374509803922
332,0.0437352941176471
333,0.14578431372549
334,0.113711764705882
335,0.137037254901961
336,0.0903862745098039
337,0.0816392156862745
338,0.0962176470588235
339,0.0699764705882353
340,0.0408196078431373
341,0.0670607843137255
342,0.116627450980392
343,0.137037254901961
344,0.137037254901961
345,0.0262411764705882
346,0.00583137254901961
347,0.0933019607843137
348,0.0612294117647059
349,0.0349882352941176
350,0.110796078431373
351,0.110796078431373
352,0.0583137254901961
353,0.0728921568627451
354,0.0524823529411765
355,0.0670607843137255
356,0.0233254901960784
357,0.0524823529411765
358,0.0903862745098039
359,0.125374509803922
360,0.102049019607843
361,0.0233254901960784
362,0.104964705882353
363,0.0816392156862745
364,0.00874705882352941
365,0.0583137254901961
366,0.0204098039215686
367,0.0612294117647059
368,0.110796078431373
369,0.107880392156863
370,0.00874705882352941
371,0.0787235294117647
372,0.014578431372549
373,0.0233254901960784
374,0.0204098039215686
375,0.128290196078431
376,0.0524823529411765
377,0.029156862745098
378,0.14578431372549
379,0.029156862745098
380,0.0174941176470588
381,0.134121568627451
382,0.0495666666666667
383,0.128290196078431
384,0.14286862745098
385,0.107880392156863
386,0.119543137254902
387,0.0262411764705882
388,0.0495666666666667
389,0.14578431372549
390,0.0612294117647059
391,0.029156862745098
392,0.14286862745098
393,0.102049019607843
394,0.029156862745098
395,0.0204098039215686
396,0.0204098039215686
397,0.0583137254901961
398,0.119543137254902
399,0.0408196078431373
400,0.0262411764705882
401,0.0262411764705882
402,0.0029156862745098
403,0.131205882352941
404,0.0874705882352941
405,0.029156862745098
406,0.116627450980392
407,0.0029156862745098
408,0.00583137254901961
409,0.137037254901961
410,0.0349882352941176
411,0.0320725490196078
412,0.0903862745098039
413,0.0845549019607843
414,0.0466509803921569
415,0.0787235294117647
416,0.0029156862745098
417,0.116627450980392
418,0.137037254901961
419,0.104964705882353
420,0.110796078431373
421,0.0583137254901961
422,0.0116627450980392
423,0.0816392156862745
424,0.125374509803922
425,0.0845549019607843
426,0.0320725490196078
427,0.14578431372549
428,0.122458823529412
429,0.029156862745098
430,0.0991333333333333
431,0.0233254901960784
432,0.0320725490196078
433,0.0466509803921569
434,0.0379039215686275
435,0.0991333333333333
436,0.104964705882353
437,0.125374509803922
438,0.0903862745098039
439,0.0816392156862745
440,0.0728921568627451
441,0.0874705882352941
442,0.137037254901961
443,0.0320725490196078
444,0.104964705882353
445,0.0408196078431373
446,0.113711764705882
447,0.00583137254901961
448,0.0495666666666667
449,0.0174941176470588
450,0.0583137254901961
451,0.14578431372549
452,0.0962176470588235
453,0.0845549019607843
454,0.0758078431372549
455,0.0903862745098039
456,0.0116627450980392
457,0.0728921568627451
458,0.0962176470588235
459,0.029156862745098
460,0.014578431372549
461,0.0933019607843137
462,0.0728921568627451
463,0.0233254901960784
464,0.0670607843137255
465,0.0933019607843137
466,0.0845549019607843
467,0.0758078431372549
468,0.119543137254902
469,0.128290196078431
470,0.107880392156863
471,0.0437352941176471
472,0.14286862745098
473,0.0874705882352941
474,0.0962176470588235
475,0.14286862745098
476,0.14578431372549
477,0.014578431372549
478,0.0787235294117647
479,0.113711764705882
480,0.0787235294117647
481,0.0174941176470588
482,0.0204098039215686
483,0.104964705882353
484,0.0408196078431373
485,0.131205882352941
486,0.014578431372549
487,0.0903862745098039
488,0.137037254901961
489,0.0699764705882353
490,0.134121568627451
491,0.0408196078431373
492,0.102049019607843
493,0.0233254901960784
494,0.113711764705882
495,0.104964705882353
496,0.14578431372549
497,0.0349882352941176
498,0.116627450980392
499,0.119543137254902
500,0.0699764705882353
501,0.0233254901960784
502,0.0495666666666667
503,0.0408196078431373
504,0.110796078431373
505,0.104964705882353
506,0.0466509803921569
507,0.00583137254901961
508,0.014578431372549
509,0.0437352941176471
510,0.00874705882352941
511,0.029156862745098
512,0.119543137254902
513,0.0991333333333333
514,0.0728921568627451
515,0.0553980392156863
516,0.0903862745098039
517,0.0262411764705882
518,0.116627450980392
519,0.134121568627451
520,0.00874705882352941
521,0.0029156862745098
522,0.0962176470588235
523,0.0845549019607843
524,0.0174941176470588
525,0.110796078431373
526,0.0670607843137255
527,0.0845549019607843
528,0.125374509803922
529,0.137037254901961
530,0.0466509803921569
531,0.0466509803921569
532,0.014578431372549
533,0.0933019607843137
534,0.00874705882352941
535,0.0349882352941176
536,0.00874705882352941
537,0.0116627450980392
538,0.0174941176470588
539,0.0174941176470588
540,0.125374509803922
541,0.0874705882352941
542,0.0116627450980392
543,0.0495666666666667
544,0.0495666666666667
545,0.14286862745098
546,0.110796078431373
547,0.0524823529411765
548,0.131205882352941
549,0.0962176470588235
550,0.137037254901961
551,0.0233254901960784
552,0.14578431372549
553,0.0728921568627451
554,0.131205882352941
555,0.102049019607843
556,0.119543137254902
557,0.113711764705882
558,0.113711764705882
559,0.0728921568627451
560,0.113711764705882
561,0.0437352941176471
562,0.0349882352941176
563,0.0670607843137255
564,0.14578431372549
565,0.0320725490196078
566,0.113711764705882
567,0.102049019607843
568,0.0553980392156863
569,0.0758078431372549
570,0.0728921568627451
571,0.0495666666666667
572,0.00583137254901961
573,0.0933019607843137
574,0.125374509803922
575,0.0116627450980392
576,0.00583137254901961
577,0.00874705882352941
578,0.14578431372549
579,0.116627450980392
580,0.0699764705882353
581,0.128290196078431
582,0.0349882352941176
583,0.119543137254902
584,0.0408196078431373
585,0.14286862745098
586,0.00874705882352941
587,0.110796078431373
588,0.107880392156863
589,0.014578431372549
590,0.0495666666666667
591,0.0903862745098039
592,0.128290196078431
593,0.0204098039215686
594,0.0379039215686275
595,0.0583137254901961
596,0.00874705882352941
597,0.0524823529411765
598,0.0466509803921569
599,0.14578431372549
600,0.0991333333333333
601,0.014578431372549
602,0.0262411764705882
603,0.128290196078431
604,0.0962176470588235
605,0.0349882352941176
606,0.116627450980392
607,0.0320725490196078
608,0.113711764705882
609,0.0903862745098039
610,0.0787235294117647
611,0.119543137254902
612,0.14286862745098
613,0.0262411764705882
614,0.0787235294117647
615,0.14578431372549
616,0.0204098039215686
617,0.14578431372549
618,0.0408196078431373
619,0.0379039215686275
620,0.0466509803921569
621,0.0408196078431373
622,0.0845549019607843
623,0.14286862745098
624,0.0116627450980392
625,0.131205882352941
626,0.0612294117647059
627,0.14286862745098
628,0.00583137254901961
629,0.0874705882352941
630,0.0787235294117647
631,0.0495666666666667
632,0.107880392156863
633,0.0029156862745098
634,0.0553980392156863
635,0.0233254901960784
636,0.119543137254902
637,0.0583137254901961
638,0.0758078431372549
639,0.139952941176471
640,0.029156862745098
641,0.0845549019607843
642,0.0816392156862745
643,0.102049019607843
644,0.0437352941176471
645,0.0408196078431373
646,0.0349882352941176
647,0.0670607843137255
648,0.00583137254901961
649,0.0408196078431373
650,0.029156862745098
651,0.0204098039215686
652,0.0349882352941176
653,0.0583137254901961
654,0.0262411764705882
655,0.0641450980392157
656,0.119543137254902
657,0.0524823529411765
658,0.0524823529411765
659,0.0116627450980392
660,0.0204098039215686
661,0.029156862745098
662,0.0699764705882353
663,0.14578431372549
664,0.0845549019607843
665,0.107880392156863
666,0.134121568627451
667,0.0612294117647059
668,0.0641450980392157
669,0.104964705882353
670,0.0262411764705882
671,0.110796078431373
672,0.107880392156863
673,0.00583137254901961
674,0.14286862745098
675,0.0641450980392157
676,0.029156862745098
677,0.122458823529412
678,0.0320725490196078
679,0.0524823529411765
680,0.116627450980392
681,0.102049019607843
682,0.0612294117647059
683,0.113711764705882
684,0.122458823529412
685,0.0466509803921569
686,0.0787235294117647
687,0.104964705882353
688,0.0379039215686275
689,0.0991333333333333
690,0.0320725490196078
691,0.0174941176470588
692,0.116627450980392
693,0.0845549019607843
694,0.125374509803922
695,0.0845549019607843
696,0.0816392156862745
697,0.0553980392156863
698,0.0379039215686275
699,0.14578431372549
700,0.0903862745098039
701,0.0728921568627451
702,0.0029156862745098
703,0.029156862745098
704,0.134121568627451
705,0.0787235294117647
706,0.107880392156863
707,0.102049019607843
708,0.104964705882353
709,0.00583137254901961
710,0.131205882352941
711,0.0728921568627451
712,0.116627450980392
713,0.0349882352941176
714,0.0495666666666667
715,0.014578431372549
716,0.0874705882352941
717,0.0437352941176471
718,0.0903862745098039
719,0.00874705882352941
720,0.0204098039215686
721,0.0379039215686275
722,0.0495666666666667
723,0.0787235294117647
724,0.00583137254901961
725,0.14578431372549
726,0.0379039215686275
727,0.0816392156862745
728,0.0116627450980392
729,0.125374509803922
730,0.0379039215686275
731,0.131205882352941
732,0.110796078431373
733,0.0933019607843137
734,0.102049019607843
735,0.0758078431372549
736,0.102049019607843
737,0.104964705882353
738,0.0758078431372549
739,0.139952941176471
740,0.128290196078431
741,0.0466509803921569
742,0.0962176470588235
743,0.116627450980392
744,0.0379039215686275
745,0.0320725490196078
746,0.0699764705882353
747,0.0699764705882353
748,0.0612294117647059
749,0.014578431372549
750,0.0320725490196078
751,0.0379039215686275
752,0.0612294117647059
753,0.0670607843137255
754,0.0174941176470588
755,0.0524823529411765
756,0.0204098039215686
757,0.0495666666666667
758,0.0495666666666667
759,0.0612294117647059
760,0.0233254901960784
761,0.14286862745098
762,0.14578431372549
763,0.0379039215686275
764,0.0758078431372549
765,0.0233254901960784
766,0.125374509803922
767,0.0758078431372549
768,0.0174941176470588
769,0.0029156862745098
770,0.014578431372549
771,0.0845549019607843
772,0.0641450980392157
773,0.0262411764705882
774,0.0320725490196078
775,0.00874705882352941
776,0.00874705882352941
777,0.0699764705882353
778,0.029156862745098
779,0.128290196078431
780,0.14286862745098
781,0.122458823529412
782,0.0874705882352941
783,0.0845549019607843
784,0.0174941176470588
785,0.0874705882352941
786,0.0641450980392157
787,0.116627450980392
788,0.0612294117647059
789,0.0495666666666667
790,0.134121568627451
791,0.0204098039215686
792,0.0699764705882353
793,0.0816392156862745
794,0.014578431372549
795,0.0349882352941176
796,0.0233254901960784
797,0.0816392156862745
798,0.0641450980392157
799,0.131205882352941
800,0.116627450980392
801,0.0991333333333333
802,0.0641450980392157
803,0.0437352941176471
804,0.0699764705882353
805,0.0991333333333333
806,0.0553980392156863
807,0.116627450980392
808,0.0320725490196078
809,0.0758078431372549
810,0.0466509803921569
811,0.0699764705882353
812,0.113711764705882
813,0.0816392156862745
814,0.0553980392156863
815,0.107880392156863
816,0.0116627450980392
817,0.0641450980392157
818,0.137037254901961
819,0.102049019607843
820,0.104964705882353
821,0.0758078431372549
822,0.0758078431372549
823,0.0816392156862745
824,0.128290196078431
825,0.0991333333333333
826,0.0728921568627451
827,0.137037254901961
828,0.0116627450980392
829,0.0612294117647059
830,0.113711764705882
831,0.0816392156862745
832,0.0787235294117647
833,0.110796078431373
834,0.0699764705882353
835,0.113711764705882
836,0.0641450980392157
837,0.102049019607843
838,0.110796078431373
839,0.0262411764705882
840,0.137037254901961
841,0.0845549019607843
842,0.102049019607843
843,0.102049019607843
844,0.0816392156862745
845,0.107880392156863
846,0.0612294117647059
847,0.0553980392156863
848,0.116627450980392
849,0.0174941176470588
850,0.0524823529411765
851,0.139952941176471
852,0.0029156862745098
853,0.0787235294117647
854,0.0408196078431373
855,0.00583137254901961
856,0.0991333333333333
857,0.139952941176471
858,0.0787235294117647
859,0.0408196078431373
860,0.029156862745098
861,0.0524823529411765
862,0.0524823529411765
863,0.102049019607843
864,0.0349882352941176
865,0.107880392156863
866,0.0524823529411765
867,0.131205882352941
868,0.0408196078431373
869,0.0524823529411765
870,0.137037254901961
871,0.0787235294117647
872,0.137037254901961
873,0.014578431372549
874,0.0903862745098039
875,0.0787235294117647
876,0.102049019607843
877,0.00874705882352941
878,0.107880392156863
879,0.0320725490196078
880,0.00583137254901961
881,0.00874705882352941
882,0.104964705882353
883,0.0029156862745098
884,0.0991333333333333
885,0.0204098039215686
886,0.0874705882352941
887,0.0349882352941176
888,0.139952941176471
889,0.0903862745098039
890,0.122458823529412
891,0.131205882352941
892,0.102049019607843
893,0.0583137254901961
894,0.0903862745098039
895,0.104964705882353
896,0.102049019607843
897,0.0204098039215686
898,0.0641450980392157
899,0.0728921568627451
900,0.0349882352941176
901,0.00874705882352941
902,0.0524823529411765
903,0.113711764705882
904,0.102049019607843
905,0.0495666666666667
906,0.128290196078431
907,0.0670607843137255
908,0.0845549019607843
909,0.107880392156863
910,0.0903862745098039
911,0.0233254901960784
912,0.0845549019607843
913,0.14286862745098
914,0.0962176470588235
915,0.0029156862745098
916,0.122458823529412
917,0.0262411764705882
918,0.0174941176470588
919,0.107880392156863
920,0.131205882352941
921,0.0758078431372549
922,0.0233254901960784
923,0.0495666666666667
924,0.0262411764705882
925,0.125374509803922
926,0.104964705882353
927,0.0903862745098039
928,0.00583137254901961
929,0.00583137254901961
930,0.122458823529412
931,0.0641450980392157
932,0.122458823529412
933,0.0728921568627451
934,0.137037254901961
935,0.00583137254901961
936,0.0204098039215686
937,0.00583137254901961
938,0.0583137254901961
939,0.128290196078431
940,0.00583137254901961
941,0.14578431372549
942,0.0029156862745098
943,0.113711764705882
944,0.104964705882353
945,0.0029156862745098
946,0.0933019607843137
947,0.0204098039215686
948,0.107880392156863
949,0.0320725490196078
950,0.0116627450980392
951,0.119543137254902
952,0.014578431372549
953,0.0728921568627451
954,0.0933019607843137
955,0.104964705882353
956,0.0816392156862745
957,0.0553980392156863
958,0.0029156862745098
959,0.0466509803921569
960,0.014578431372549
961,0.0233254901960784
962,0.0903862745098039
963,0.0495666666666667
964,0.116627450980392
965,0.0116627450980392
966,0.0962176470588235
967,0.0583137254901961
968,0.102049019607843
969,0.128290196078431
970,0.0233254901960784
971,0.137037254901961
972,0.0641450980392157
973,0.0991333333333333
974,0.0262411764705882
975,0.102049019607843
976,0.0787235294117647
977,0.00874705882352941
978,0.14286862745098
979,0.00874705882352941
980,0.0495666666666667
981,0.131205882352941
982,0.0641450980392157
983,0.0349882352941176
984,0.0699764705882353
985,0.0612294117647059
986,0.0320725490196078
987,0.0728921568627451
988,0.104964705882353
989,0.0816392156862745
990,0.0845549019607843
991,0.014578431372549
992,0.0029156862745098
993,0.0933019607843137
994,0.0612294117647059
995,0.0728921568627451
996,0.0962176470588235
997,0.0845549019607843
998,0.0612294117647059
999,0.0233254901960784
1000,0.113711764705882
1001,0.0583137254901961
1002,0.0699764705882353
1003,0.119543137254902
1004,0.113711764705882
1005,0.125374509803922
1006,0.0583137254901961
1007,0.0874705882352941
1008,0.122458823529412
1009,0.014578431372549
1010,0.0991333333333333
1011,0.0962176470588235
1012,0.0233254901960784
1013,0.128290196078431
1014,0.14578431372549
1015,0.00874705882352941
1016,0.0816392156862745
1017,0.0174941176470588
1018,0.0116627450980392
1019,0.00874705882352941
1020,0.0029156862745098
1021,0.0466509803921569
1022,0.0320725490196078
1023,0.0262411764705882
1024,0.0379039215686275
1025,0.102049019607843
1026,0.0816392156862745
1027,0.0787235294117647
1028,0.0495666666666667
1029,0.0408196078431373
1030,0.0991333333333333
1031,0.116627450980392
1032,0.107880392156863
1033,0.0320725490196078
1034,0.0787235294117647
1035,0.14578431372549
1036,0.0670607843137255
1037,0.14578431372549
1038,0.0029156862745098
1039,0.104964705882353
1040,0.119543137254902
1041,0.0262411764705882
1042,0.0816392156862745
1043,0.0903862745098039
1044,0.0699764705882353
1045,0.0845549019607843
1046,0.0758078431372549
1047,0.119543137254902
1048,0.0379039215686275
1049,0.0174941176470588
1050,0.104964705882353
1051,0.0174941176470588
1052,0.0379039215686275
1053,0.029156862745098
1054,0.0728921568627451
1055,0.14286862745098
1056,0.0903862745098039
1057,0.0699764705882353
1058,0.0583137254901961
1059,0.107880392156863
1060,0.0670607843137255
1061,0.029156862745098
1062,0.00583137254901961
1063,0.104964705882353
1064,0.0612294117647059
1065,0.116627450980392
1066,0.107880392156863
1067,0.116627450980392
1068,0.0612294117647059
1069,0.0816392156862745
1070,0.0903862745098039
1071,0.0728921568627451
1072,0.0699764705882353
1073,0.104964705882353
1074,0.0524823529411765
1075,0.014578431372549
1076,0.0233254901960784
1077,0.0320725490196078
1078,0.0816392156862745
1079,0.107880392156863
1080,0.0116627450980392
1081,0.0204098039215686
1082,0.139952941176471
1083,0.0991333333333333
1084,0.110796078431373
1085,0.0874705882352941
1086,0.0670607843137255
1087,0.0408196078431373
1088,0.0699764705882353
1089,0.0495666666666667
1090,0.0874705882352941
1091,0.104964705882353
1092,0.00874705882352941
1093,0.014578431372549
1094,0.0349882352941176
1095,0.0903862745098039
1096,0.0204098039215686
1097,0.113711764705882
1098,0.119543137254902
1099,0.0524823529411765
1100,0.116627450980392
1101,0.128290196078431
1102,0.0758078431372549
1103,0.014578431372549
1104,0.139952941176471
1105,0.0874705882352941
1106,0.0379039215686275
1107,0.113711764705882
1108,0.119543137254902
1109,0.128290196078431
1110,0.102049019607843
1111,0.110796078431373
1112,0.0670607843137255
1113,0.107880392156863
1114,0.113711764705882
1115,0.139952941176471
1116,0.0495666666666667
1117,0.0233254901960784
1118,0.0437352941176471
1119,0.107880392156863
1120,0.139952941176471
1121,0.128290196078431
1122,0.0728921568627451
1123,0.0204098039215686
1124,0.0641450980392157
1125,0.029156862745098
1126,0.029156862745098
1127,0.0379039215686275
1128,0.0728921568627451
1129,0.107880392156863
1130,0.14578431372549
1131,0.139952941176471
1132,0.0991333333333333
1133,0.102049019607843
1134,0.0262411764705882
1135,0.0670607843137255
1136,0.0962176470588235
1137,0.116627450980392
1138,0.134121568627451
1139,0.014578431372549
1140,0.131205882352941
1141,0.0816392156862745
1142,0.113711764705882
1143,0.0553980392156863
1144,0.113711764705882
1145,0.0991333333333333
1146,0.0116627450980392
1147,0.0437352941176471
1148,0.122458823529412
1149,0.0845549019607843
1150,0.14578431372549
1151,0.0874705882352941
1152,0.0029156862745098
1153,0.113711764705882
1154,0.131205882352941
1155,0.0174941176470588
1156,0.0845549019607843
1157,0.0816392156862745
1158,0.0437352941176471
1159,0.0933019607843137
1160,0.14578431372549
1161,0.137037254901961
1162,0.0903862745098039
1163,0.0349882352941176
1164,0.137037254901961
1165,0.0845549019607843
1166,0.0933019607843137
1167,0.029156862745098
1168,0.119543137254902
1169,0.104964705882353
1170,0.014578431372549
1171,0.0583137254901961
1172,0.0437352941176471
1173,0.128290196078431
1174,0.139952941176471
1175,0.14578431372549
1176,0.0874705882352941
1177,0.014578431372549
1178,0.0787235294117647
1179,0.14578431372549
1180,0.0670607843137255
1181,0.0495666666666667
1182,0.125374509803922
1183,0.14286862745098
1184,0.0204098039215686
1185,0.0845549019607843
1186,0.014578431372549
1187,0.0204098039215686
1188,0.107880392156863
1189,0.0641450980392157
1190,0.00874705882352941
1191,0.0524823529411765
1192,0.0320725490196078
1193,0.0233254901960784
1194,0.00874705882352941
1195,0.0204098039215686
1196,0.0233254901960784
1197,0.0349882352941176
1198,0.0437352941176471
1199,0.029156862745098
1200,0.0553980392156863
1201,0.0816392156862745
1202,0.0174941176470588
1203,0.0116627450980392
1204,0.0962176470588235
1205,0.125374509803922
1206,0.0437352941176471
1207,0.0408196078431373
1208,0.0991333333333333
1209,0.029156862745098
1210,0.0233254901960784
1211,0.0029156862745098
1212,0.139952941176471
1213,0.128290196078431
1214,0.116627450980392
1215,0.029156862745098
1216,0.0933019607843137
1217,0.0816392156862745
1218,0.0174941176470588
1219,0.0845549019607843
1220,0.119543137254902
1221,0.0233254901960784
1222,0.0437352941176471
1223,0.102049019607843
1224,0.00583137254901961
1225,0.0437352941176471
1226,0.137037254901961
1227,0.14286862745098
1228,0.137037254901961
1229,0.0029156862745098
1230,0.0466509803921569
1231,0.0670607843137255
1232,0.0816392156862745
1233,0.0029156862745098
1234,0.125374509803922
1235,0.0816392156862745
1236,0.0320725490196078
1237,0.104964705882353
1238,0.0437352941176471
1239,0.0903862745098039
1240,0.14286862745098
1241,0.137037254901961
1242,0.0437352941176471
1243,0.0874705882352941
1244,0.128290196078431
1245,0.122458823529412
1246,0.104964705882353
1247,0.137037254901961
1248,0.0233254901960784
1249,0.0845549019607843
1250,0.0320725490196078
1251,0.0845549019607843
1252,0.0612294117647059
1253,0.14286862745098
1254,0.0845549019607843
1255,0.0758078431372549
1256,0.0641450980392157
1257,0.119543137254902
1258,0.0553980392156863
1259,0.0728921568627451
1260,0.116627450980392
1261,0.00583137254901961
1262,0.0583137254901961
1263,0.14578431372549
1264,0.110796078431373
1265,0.0758078431372549
1266,0.113711764705882
1267,0.0029156862745098
1268,0.0845549019607843
1269,0.0583137254901961
1270,0.125374509803922
1271,0.0962176470588235
1272,0.113711764705882
1273,0.0874705882352941
1274,0.0437352941176471
1275,0.0437352941176471
1276,0.0553980392156863
1277,0.0933019607843137
1278,0.134121568627451
1279,0.0233254901960784
1280,0.0408196078431373
1281,0.0874705882352941
1282,0.0816392156862745
1283,0.0728921568627451
1284,0.139952941176471
1285,0.0204098039215686
1286,0.0816392156862745
1287,0.0787235294117647
1288,0.0204098039215686
1289,0.0845549019607843
1290,0.0612294117647059
1291,0.128290196078431
1292,0.102049019607843
1293,0.131205882352941
1294,0.0262411764705882
1295,0.122458823529412
1296,0.113711764705882
1297,0.0524823529411765
1298,0.104964705882353
1299,0.137037254901961
1300,0.0320725490196078
1301,0.0349882352941176
1302,0.134121568627451
1303,0.0204098039215686
1304,0.00583137254901961
1305,0.0933019607843137
1306,0.110796078431373
1307,0.0903862745098039
1308,0.014578431372549
1309,0.0728921568627451
1310,0.0437352941176471
1311,0.14578431372549
1312,0.122458823529412
1313,0.0553980392156863
1314,0.0816392156862745
1315,0.029156862745098
1316,0.0903862745098039
1317,0.131205882352941
1318,0.0670607843137255
1319,0.00874705882352941
1320,0.00874705882352941
1321,0.104964705882353
1322,0.0612294117647059
1323,0.0903862745098039
1324,0.128290196078431
1325,0.0466509803921569
1326,0.0349882352941176
1327,0.0437352941176471
1328,0.104964705882353
1329,0.0029156862745098
1330,0.125374509803922
1331,0.0408196078431373
1332,0.0320725490196078
1333,0.029156862745098
1334,0.0583137254901961
1335,0.0758078431372549
1336,0.134121568627451
1337,0.0728921568627451
1338,0.0320725490196078
1339,0.0699764705882353
1340,0.0437352941176471
1341,0.0262411764705882
1342,0.0379039215686275
1343,0.0204098039215686
1344,0.0962176470588235
1345,0.0903862745098039
1346,0.102049019607843
1347,0.0612294117647059
1348,0.0320725490196078
1349,0.122458823529412
1350,0.14286862745098
1351,0.128290196078431
1352,0.0524823529411765
1353,0.137037254901961
1354,0.0116627450980392
1355,0.0174941176470588
1356,0.122458823529412
1357,0.116627450980392
1358,0.00583137254901961
1359,0.0962176470588235
1360,0.0641450980392157
1361,0.0728921568627451
1362,0.0116627450980392
1363,0.0728921568627451
1364,0.0641450980392157
1365,0.0262411764705882
1366,0.102049019607843
1367,0.0699764705882353
1368,0.0204098039215686
1369,0.0728921568627451
1370,0.113711764705882
1371,0.0874705882352941
1372,0.134121568627451
1373,0.128290196078431
1374,0.0116627450980392
1375,0.0553980392156863
1376,0.0991333333333333
1377,0.134121568627451
1378,0.0816392156862745
1379,0.0933019607843137
1380,0.102049019607843
1381,0.0116627450980392
1382,0.0699764705882353
1383,0.0670607843137255
1384,0.0641450980392157
1385,0.0903862745098039
1386,0.0174941176470588
1387,0.0816392156862745
1388,0.0204098039215686
1389,0.0991333333333333
1390,0.0787235294117647
1391,0.0699764705882353
1392,0.0933019607843137
1393,0.116627450980392
1394,0.029156862745098
1395,0.0699764705882353
1396,0.00583137254901961
1397,0.131205882352941
1398,0.0583137254901961
1399,0.14578431372549
1400,0.0116627450980392
1401,0.0437352941176471
1402,0.102049019607843
1403,0.104964705882353
1404,0.0495666666666667
1405,0.0495666666666667
1406,0.0408196078431373
1407,0.104964705882353
1408,0.131205882352941
1409,0.0029156862745098
1410,0.131205882352941
1411,0.0728921568627451
1412,0.0174941176470588
1413,0.0903862745098039
1414,0.0728921568627451
1415,0.0874705882352941
1416,0.128290196078431
1417,0.102049019607843
1418,0.0787235294117647
1419,0.125374509803922
1420,0.0787235294117647
1421,0.0670607843137255
1422,0.110796078431373
1423,0.0495666666666667
1424,0.0612294117647059
1425,0.113711764705882
1426,0.0262411764705882
1427,0.137037254901961
1428,0.102049019607843
1429,0.107880392156863
1430,0.0641450980392157
1431,0.110796078431373
1432,0.0466509803921569
1433,0.131205882352941
1434,0.0962176470588235
1435,0.0262411764705882
1436,0.134121568627451
1437,0.0903862745098039
1438,0.14578431372549
1439,0.102049019607843
1440,0.0728921568627451
1441,0.0845549019607843
1442,0.0029156862745098
1443,0.104964705882353
1444,0.0787235294117647
1445,0.102049019607843
1446,0.0903862745098039
1447,0.00874705882352941
1448,0.0553980392156863
1449,0.116627450980392
1450,0.134121568627451
1451,0.104964705882353
1452,0.0204098039215686
1453,0.0553980392156863
1454,0.0728921568627451
1455,0.113711764705882
1456,0.0029156862745098
1457,0.0699764705882353
1458,0.00583137254901961
1459,0.0728921568627451
1460,0.128290196078431
1461,0.125374509803922
1462,0.00583137254901961
1463,0.0903862745098039
1464,0.0116627450980392
1465,0.125374509803922
1466,0.139952941176471
1467,0.0962176470588235
1468,0.0787235294117647
1469,0.0991333333333333
1470,0.139952941176471
1471,0.0903862745098039
1472,0.0233254901960784
1473,0.134121568627451
1474,0.0524823529411765
1475,0.0699764705882353
1476,0.0408196078431373
1477,0.0758078431372549
1478,0.0641450980392157
1479,0.0816392156862745
1480,0.0991333333333333
1481,0.0408196078431373
1482,0.0233254901960784
1483,0.0553980392156863
1484,0.110796078431373
1485,0.0933019607843137
1486,0.0845549019607843
1487,0.0874705882352941
1488,0.0116627450980392
1489,0.0524823529411765
1490,0.0553980392156863
1491,0.0816392156862745
1492,0.0262411764705882
1493,0.134121568627451
1494,0.102049019607843
1495,0.0466509803921569
1496,0.0583137254901961
1497,0.0408196078431373
1498,0.00583137254901961
1499,0.0553980392156863
1500,0.0379039215686275
1501,0.0991333333333333
1502,0.0758078431372549
1503,0.0437352941176471
1504,0.00583137254901961
1505,0.0349882352941176
1506,0.125374509803922
1507,0.0466509803921569
1508,0.0437352941176471
1509,0.00583137254901961
1510,0.0320725490196078
1511,0.119543137254902
1512,0.0524823529411765
1513,0.107880392156863
1514,0.104964705882353
1515,0.0408196078431373
1516,0.116627450980392
1517,0.137037254901961
1518,0.0816392156862745
1519,0.0933019607843137
1520,0.0408196078431373
1521,0.0583137254901961
1522,0.128290196078431
1523,0.0787235294117647
1524,0.0320725490196078
1525,0.0408196078431373
1526,0.0962176470588235
1527,0.0670607843137255
1528,0.0991333333333333
1529,0.0495666666666667
1530,0.0845549019607843
1531,0.0437352941176471
1532,0.0991333333333333
1533,0.107880392156863
1534,0.0204098039215686
1535,0.131205882352941
1536,0.0437352941176471
1537,0.0116627450980392
1538,0.0816392156862745
1539,0.116627450980392
1540,0.0758078431372549
1541,0.0466509803921569
1542,0.029156862745098
1543,0.0728921568627451
1544,0.0524823529411765
1545,0.0933019607843137
1546,0.029156862745098
1547,0.0379039215686275
1548,0.0816392156862745
1549,0.102049019607843
1550,0.0641450980392157
1551,0.0583137254901961
1552,0.0758078431372549
1553,0.014578431372549
1554,0.0787235294117647
1555,0.0787235294117647
1556,0.0349882352941176
1557,0.122458823529412
1558,0.0903862745098039
1559,0.0583137254901961
1560,0.122458823529412
1561,0.0553980392156863
1562,0.139952941176471
1563,0.0758078431372549
1564,0.107880392156863
1565,0.0583137254901961
1566,0.0962176470588235
1567,0.107880392156863
1568,0.14286862745098
1569,0.0233254901960784
1570,0.113711764705882
1571,0.128290196078431
1572,0.0524823529411765
1573,0.0962176470588235
1574,0.0933019607843137
1575,0.125374509803922
1576,0.0758078431372549
1577,0.14286862745098
1578,0.014578431372549
1579,0.131205882352941
1580,0.0379039215686275
1581,0.00583137254901961
1582,0.0379039215686275
1583,0.0320725490196078
1584,0.0991333333333333
1585,0.113711764705882
1586,0.113711764705882
1587,0.113711764705882
1588,0.0524823529411765
1589,0.14286862745098
1590,0.029156862745098
1591,0.113711764705882
1592,0.0583137254901961
1593,0.131205882352941
1594,0.119543137254902
1595,0.0641450980392157
1596,0.128290196078431
1597,0.0816392156862745
1598,0.0174941176470588
1599,0.0612294117647059
1600,0.0758078431372549
1601,0.0583137254901961
1602,0.00874705882352941
1603,0.0874705882352941
1604,0.134121568627451
1605,0.0524823529411765
1606,0.0204098039215686
1607,0.0524823529411765
1608,0.0612294117647059
1609,0.122458823529412
1610,0.137037254901961
1611,0.119543137254902
1612,0.0758078431372549
1613,0.0699764705882353
1614,0.0933019607843137
1615,0.0524823529411765
1616,0.122458823529412
1617,0.0728921568627451
1618,0.0583137254901961
1619,0.0874705882352941
1620,0.131205882352941
1621,0.102049019607843
1622,0.0728921568627451
1623,0.0349882352941176
1624,0.14286862745098
1625,0.119543137254902
1626,0.0437352941176471
1627,0.122458823529412
1628,0.0262411764705882
1629,0.0641450980392157
1630,0.0553980392156863
1631,0.0379039215686275
1632,0.113711764705882
1633,0.122458823529412
1634,0.128290196078431
1635,0.128290196078431
1636,0.0233254901960784
1637,0.0495666666666667
1638,0.0728921568627451
1639,0.14578431372549
1640,0.0583137254901961
1641,0.0408196078431373
1642,0.0670607843137255
1643,0.0204098039215686
1644,0.0116627450980392
1645,0.0728921568627451
1646,0.0670607843137255
1647,0.125374509803922
1648,0.0728921568627451
1649,0.128290196078431
1650,0.134121568627451
1651,0.00583137254901961
1652,0.0699764705882353
1653,0.0670607843137255
1654,0.0379039215686275
1655,0.0933019607843137
1656,0.0204098039215686
1657,0.0116627450980392
1658,0.0320725490196078
1659,0.0728921568627451
1660,0.00874705882352941
1661,0.0174941176470588
1662,0.0699764705882353
1663,0.14286862745098
1664,0.116627450980392
1665,0.0174941176470588
1666,0.107880392156863
1667,0.0379039215686275
1668,0.0029156862745098
1669,0.137037254901961
1670,0.014578431372549
1671,0.104964705882353
1672,0.122458823529412
1673,0.0787235294117647
1674,0.0670607843137255
1675,0.00583137254901961
1676,0.0670607843137255
1677,0.128290196078431
1678,0.0204098039215686
1679,0.110796078431373
1680,0.0466509803921569
1681,0.0174941176470588
1682,0.14578431372549
1683,0.0787235294117647
1684,0.131205882352941
1685,0.0933019607843137
1686,0.0641450980392157
1687,0.0962176470588235
1688,0.14286862745098
1689,0.0524823529411765
1690,0.122458823529412
1691,0.14578431372549
1692,0.0903862745098039
1693,0.0699764705882353
1694,0.0029156862745098
1695,0.0874705882352941
1696,0.0641450980392157
1697,0.0874705882352941
1698,0.0816392156862745
1699,0.0204098039215686
1700,0.00583137254901961
1701,0.0524823529411765
1702,0.0029156862745098
1703,0.113711764705882
1704,0.119543137254902
1705,0.0903862745098039
1706,0.122458823529412
1707,0.0029156862745098
1708,0.122458823529412
1709,0.029156862745098
1710,0.128290196078431
1711,0.0204098039215686
1712,0.131205882352941
1713,0.0728921568627451
1714,0.0495666666666667
1715,0.104964705882353
1716,0.128290196078431
1717,0.0116627450980392
1718,0.0991333333333333
1719,0.0349882352941176
1720,0.113711764705882
1721,0.102049019607843
1722,0.0437352941176471
1723,0.139952941176471
1724,0.104964705882353
1725,0.0524823529411765
1726,0.104964705882353
1727,0.00874705882352941
1728,0.00874705882352941
1729,0.0699764705882353
1730,0.0728921568627451
1731,0.0553980392156863
1732,0.119543137254902
1733,0.110796078431373
1734,0.137037254901961
1735,0.0991333333333333
1736,0.00583137254901961
1737,0.0204098039215686
1738,0.014578431372549
1739,0.0874705882352941
1740,0.0495666666666667
1741,0.14286862745098
1742,0.0816392156862745
1743,0.0583137254901961
1744,0.0933019607843137
1745,0.0933019607843137
1746,0.0466509803921569
1747,0.0233254901960784
1748,0.0466509803921569
1749,0.139952941176471
1750,0.0116627450980392
1751,0.0641450980392157
1752,0.14578431372549
1753,0.131205882352941
1754,0.0233254901960784
1755,0.107880392156863
1756,0.029156862745098
1757,0.14578431372549
1758,0.107880392156863
1759,0.104964705882353
1760,0.0816392156862745
1761,0.0962176470588235
1762,0.029156862745098
1763,0.128290196078431
1764,0.0408196078431373
1765,0.0728921568627451
1766,0.134121568627451
1767,0.0379039215686275
1768,0.0699764705882353
1769,0.134121568627451
1770,0.0670607843137255
1771,0.0174941176470588
1772,0.102049019607843
1773,0.116627450980392
1774,0.0728921568627451
1775,0.119543137254902
1776,0.131205882352941
1777,0.0524823529411765
1778,0.113711764705882
1779,0.0641450980392157
1780,0.0174941176470588
1781,0.0379039215686275
1782,0.00874705882352941
1783,0.113711764705882
1784,0.0816392156862745
1785,0.14578431372549
1786,0.0320725490196078
1787,0.137037254901961
1788,0.0437352941176471
1789,0.0699764705882353
1790,0.0728921568627451
1791,0.0320725490196078
1792,0.0583137254901961
1793,0.110796078431373
1794,0.0991333333333333
1795,0.0174941176470588
1796,0.00874705882352941
1797,0.0174941176470588
1798,0.0728921568627451
1799,0.0670607843137255
1800,0.0408196078431373
1801,0.0641450980392157
1802,0.0670607843137255
1803,0.0233254901960784
1804,0.131205882352941
1805,0.14578431372549
1806,0.0029156862745098
1807,0.0320725490196078
1808,0.0962176470588235
1809,0.0116627450980392
1810,0.122458823529412
1811,0.107880392156863
1812,0.0204098039215686
1813,0.0320725490196078
1814,0.0524823529411765
1815,0.0495666666666667
1816,0.0583137254901961
1817,0.137037254901961
1818,0.00874705882352941
1819,0.122458823529412
1820,0.137037254901961
1821,0.0845549019607843
1822,0.0204098039215686
1823,0.0641450980392157
1824,0.128290196078431
1825,0.0437352941176471
1826,0.0845549019607843
1827,0.0641450980392157
1828,0.0116627450980392
1829,0.0612294117647059
1830,0.14578431372549
1831,0.128290196078431
1832,0.0029156862745098
1833,0.0583137254901961
1834,0.128290196078431
1835,0.137037254901961
1836,0.0933019607843137
1837,0.0670607843137255
1838,0.00583137254901961
1839,0.116627450980392
1840,0.0933019607843137
1841,0.116627450980392
1842,0.131205882352941
1843,0.0029156862745098
1844,0.107880392156863
1845,0.029156862745098
1846,0.0728921568627451
1847,0.128290196078431
1848,0.0845549019607843
1849,0.122458823529412
1850,0.110796078431373
1851,0.0553980392156863
1852,0.119543137254902
1853,0.029156862745098
1854,0.119543137254902
1855,0.122458823529412
1856,0.128290196078431
1857,0.125374509803922
1858,0.119543137254902
1859,0.0874705882352941
1860,0.131205882352941
1861,0.134121568627451
1862,0.0379039215686275
1863,0.0583137254901961
1864,0.0933019607843137
1865,0.0204098039215686
1866,0.14578431372549
1867,0.0116627450980392
1868,0.0233254901960784
1869,0.0583137254901961
1870,0.0524823529411765
1871,0.0379039215686275
1872,0.0408196078431373
1873,0.0495666666666667
1874,0.0816392156862745
1875,0.014578431372549
1876,0.0874705882352941
1877,0.0845549019607843
1878,0.14578431372549
1879,0.0991333333333333
1880,0.0466509803921569
1881,0.110796078431373
1882,0.0379039215686275
1883,0.0991333333333333
1884,0.137037254901961
1885,0.0204098039215686
1886,0.00583137254901961
1887,0.122458823529412
1888,0.104964705882353
1889,0.0845549019607843
1890,0.134121568627451
1891,0.0962176470588235
1892,0.0787235294117647
1893,0.0903862745098039
1894,0.0408196078431373
1895,0.110796078431373
1896,0.104964705882353
1897,0.0874705882352941
1898,0.0204098039215686
1899,0.0787235294117647
1900,0.0874705882352941
1901,0.0262411764705882
1902,0.0583137254901961
1903,0.0991333333333333
1904,0.0728921568627451
1905,0.102049019607843
1906,0.0408196078431373
1907,0.0495666666666667
1908,0.0262411764705882
1909,0.00583137254901961
1910,0.134121568627451
1911,0.137037254901961
1912,0.0408196078431373
1913,0.029156862745098
1914,0.102049019607843
1915,0.0612294117647059
1916,0.0699764705882353
1917,0.0903862745098039
1918,0.014578431372549
1919,0.0495666666666667
1920,0.00583137254901961
1921,0.0758078431372549
1922,0.0962176470588235
1923,0.107880392156863
1924,0.137037254901961
1925,0.0699764705882353
1926,0.116627450980392
1927,0.0204098039215686
1928,0.14578431372549
1929,0.125374509803922
1930,0.0787235294117647
1931,0.014578431372549
1932,0.0612294117647059
1933,0.0670607843137255
1934,0.0233254901960784
1935,0.128290196078431
1936,0.119543137254902
1937,0.0553980392156863
1938,0.0699764705882353
1939,0.113711764705882
1940,0.014578431372549
1941,0.014578431372549
1942,0.0495666666666667
1943,0.128290196078431
1944,0.0029156862745098
1945,0.0816392156862745
1946,0.0758078431372549
1947,0.131205882352941
1948,0.0758078431372549
1949,0.0728921568627451
1950,0.0437352941176471
1951,0.0262411764705882
1952,0.14578431372549
1953,0.0553980392156863
1954,0.0524823529411765
1955,0.0787235294117647
1956,0.113711764705882
1957,0.0962176470588235
1958,0.113711764705882
1959,0.0495666666666667
1960,0.0174941176470588
1961,0.131205882352941
1962,0.0029156862745098
1963,0.0524823529411765
1964,0.102049019607843
1965,0.128290196078431
1966,0.0874705882352941
1967,0.0437352941176471
1968,0.0845549019607843
1969,0.0174941176470588
1970,0.0320725490196078
1971,0.134121568627451
1972,0.0495666666666667
1973,0.0174941176470588
1974,0.0874705882352941
1975,0.139952941176471
1976,0.125374509803922
1977,0.0553980392156863
1978,0.029156862745098
1979,0.122458823529412
1980,0.0903862745098039
1981,0.0349882352941176
1982,0.125374509803922
1983,0.134121568627451
1984,0.113711764705882
1985,0.137037254901961
1986,0.137037254901961
1987,0.0612294117647059
1988,0.14286862745098
1989,0.0437352941176471
1990,0.014578431372549
1991,0.0845549019607843
1992,0.0962176470588235
1993,0.0379039215686275
1994,0.0524823529411765
1995,0.0728921568627451
1996,0.0583137254901961
1997,0.139952941176471
1998,0.0845549019607843
1999,0.0641450980392157
2000,0.0816392156862745
2001,0.0699764705882353
2002,0.107880392156863
2003,0.119543137254902
2004,0.0903862745098039
2005,0.139952941176471
2006,0.0845549019607843
2007,0.0933019607843137
2008,0.0437352941176471
2009,0.0174941176470588
2010,0.0758078431372549
2011,0.104964705882353
2012,0.00583137254901961
2013,0.0116627450980392
2014,0.102049019607843
2015,0.137037254901961
2016,0.0495666666666667
2017,0.102049019607843
2018,0.0204098039215686
2019,0.14286862745098
2020,0.0641450980392157
2021,0.107880392156863
2022,0.0583137254901961
2023,0.0320725490196078
2024,0.102049019607843
2025,0.119543137254902
2026,0.0699764705882353
2027,0.0553980392156863
2028,0.134121568627451
2029,0.0029156862745098
2030,0.119543137254902
2031,0.014578431372549
2032,0.0495666666666667
2033,0.0466509803921569
2034,0.125374509803922
2035,0.014578431372549
2036,0.0845549019607843
2037,0.119543137254902
2038,0.029156862745098
2039,0.0029156862745098
2040,0.0466509803921569
2041,0.0903862745098039
2042,0.014578431372549
2043,0.0495666666666667
2044,0.104964705882353
2045,0.131205882352941
2046,0.0670607843137255
2047,0.0349882352941176
2048,0.0524823529411765
2049,0.0466509803921569
2050,0.107880392156863
2051,0.104964705882353
2052,0.0495666666666667
2053,0.0962176470588235
2054,0.0553980392156863
2055,0.0641450980392157
2056,0.00874705882352941
2057,0.0962176470588235
2058,0.0495666666666667
2059,0.131205882352941
2060,0.0204098039215686
2061,0.0641450980392157
2062,0.0437352941176471
2063,0.0349882352941176
2064,0.110796078431373
2065,0.0728921568627451
2066,0.137037254901961
2067,0.14578431372549
2068,0.0524823529411765
2069,0.0174941176470588
2070,0.0816392156862745
2071,0.128290196078431
2072,0.0758078431372549
2073,0.137037254901961
2074,0.131205882352941
2075,0.0612294117647059
2076,0.14286862745098
2077,0.014578431372549
2078,0.0320725490196078
2079,0.125374509803922
2080,0.128290196078431
2081,0.139952941176471
2082,0.0524823529411765
2083,0.0612294117647059
2084,0.0320725490196078
2085,0.0437352941176471
2086,0.119543137254902
2087,0.0379039215686275
2088,0.139952941176471
2089,0.0174941176470588
2090,0.0933019607843137
2091,0.0116627450980392
2092,0.00874705882352941
2093,0.125374509803922
2094,0.110796078431373
2095,0.0962176470588235
2096,0.0320725490196078
2097,0.102049019607843
2098,0.0437352941176471
2099,0.137037254901961
2100,0.0262411764705882
2101,0.0874705882352941
2102,0.14286862745098
2103,0.0758078431372549
2104,0.122458823529412
2105,0.0641450980392157
2106,0.122458823529412
2107,0.0962176470588235
2108,0.137037254901961
2109,0.14578431372549
2110,0.0641450980392157
2111,0.0553980392156863
2112,0.137037254901961
2113,0.0991333333333333
2114,0.0233254901960784
2115,0.14578431372549
2116,0.0408196078431373
2117,0.102049019607843
2118,0.0670607843137255
2119,0.102049019607843
2120,0.0116627450980392
2121,0.14578431372549
2122,0.0553980392156863
2123,0.0612294117647059
2124,0.0874705882352941
2125,0.0349882352941176
2126,0.0641450980392157
2127,0.0408196078431373
2128,0.014578431372549
2129,0.0699764705882353
2130,0.0204098039215686
2131,0.137037254901961
2132,0.0758078431372549
2133,0.0349882352941176
2134,0.0233254901960784
2135,0.0349882352941176
2136,0.0583137254901961
2137,0.116627450980392
2138,0.0641450980392157
2139,0.102049019607843
2140,0.122458823529412
2141,0.0029156862745098
2142,0.0408196078431373
2143,0.139952941176471
2144,0.0787235294117647
2145,0.0320725490196078
2146,0.0728921568627451
2147,0.0962176470588235
2148,0.029156862745098
2149,0.110796078431373
2150,0.0583137254901961
2151,0.0816392156862745
2152,0.0583137254901961
2153,0.113711764705882
2154,0.0787235294117647
2155,0.0379039215686275
2156,0.0174941176470588
2157,0.0029156862745098
2158,0.0787235294117647
2159,0.0816392156862745
2160,0.0787235294117647
2161,0.0437352941176471
2162,0.14286862745098
2163,0.14578431372549
2164,0.014578431372549
2165,0.116627450980392
2166,0.00583137254901961
2167,0.0408196078431373
2168,0.0524823529411765
2169,0.0583137254901961
2170,0.0379039215686275
2171,0.0612294117647059
2172,0.0874705882352941
2173,0.0379039215686275
2174,0.125374509803922
2175,0.0583137254901961
2176,0.0845549019607843
2177,0.119543137254902
2178,0.110796078431373
2179,0.0787235294117647
2180,0.0641450980392157
2181,0.0233254901960784
2182,0.113711764705882
2183,0.110796078431373
2184,0.0408196078431373
2185,0.0466509803921569
2186,0.125374509803922
2187,0.0204098039215686
2188,0.0466509803921569
2189,0.0612294117647059
2190,0.014578431372549
2191,0.134121568627451
2192,0.119543137254902
2193,0.0174941176470588
2194,0.0553980392156863
2195,0.0758078431372549
2196,0.116627450980392
2197,0.00583137254901961
2198,0.00874705882352941
2199,0.0933019607843137
2200,0.0845549019607843
2201,0.122458823529412
2202,0.0524823529411765
2203,0.0933019607843137
2204,0.0174941176470588
2205,0.131205882352941
2206,0.113711764705882
2207,0.0845549019607843
2208,0.102049019607843
2209,0.0933019607843137
2210,0.110796078431373
2211,0.0670607843137255
2212,0.0758078431372549
2213,0.0349882352941176
2214,0.0349882352941176
2215,0.102049019607843
2216,0.0728921568627451
2217,0.0174941176470588
2218,0.139952941176471
2219,0.0758078431372549
2220,0.0379039215686275
2221,0.0962176470588235
2222,0.00583137254901961
2223,0.0583137254901961
2224,0.0408196078431373
2225,0.0116627450980392
2226,0.014578431372549
2227,0.0991333333333333
2228,0.122458823529412
2229,0.0641450980392157
2230,0.122458823529412
2231,0.104964705882353
2232,0.0641450980392157
2233,0.0408196078431373
2234,0.14578431372549
2235,0.0320725490196078
2236,0.0524823529411765
2237,0.104964705882353
2238,0.14578431372549
2239,0.116627450980392
2240,0.0670607843137255
2241,0.00874705882352941
2242,0.0524823529411765
2243,0.0262411764705882
2244,0.122458823529412
2245,0.0845549019607843
2246,0.14286862745098
2247,0.113711764705882
2248,0.0466509803921569
2249,0.119543137254902
2250,0.0816392156862745
2251,0.0816392156862745
2252,0.0903862745098039
2253,0.134121568627451
2254,0.0116627450980392
2255,0.0379039215686275
2256,0.107880392156863
2257,0.113711764705882
2258,0.134121568627451
2259,0.0758078431372549
2260,0.0495666666666667
2261,0.0524823529411765
2262,0.00583137254901961
2263,0.0699764705882353
2264,0.122458823529412
2265,0.0379039215686275
2266,0.131205882352941
2267,0.0408196078431373
2268,0.116627450980392
2269,0.0466509803921569
2270,0.0174941176470588
2271,0.0029156862745098
2272,0.0903862745098039
2273,0.113711764705882
2274,0.0174941176470588
2275,0.119543137254902
2276,0.014578431372549
2277,0.139952941176471
2278,0.119543137254902
2279,0.122458823529412
2280,0.0845549019607843
2281,0.134121568627451
2282,0.00874705882352941
2283,0.029156862745098
2284,0.122458823529412
2285,0.0699764705882353
2286,0.0408196078431373
2287,0.14578431372549
2288,0.14286862745098
2289,0.116627450980392
2290,0.0233254901960784
2291,0.0553980392156863
2292,0.107880392156863
2293,0.0787235294117647
2294,0.134121568627451
2295,0.029156862745098
2296,0.122458823529412
2297,0.0787235294117647
2298,0.131205882352941
2299,0.107880392156863
2300,0.029156862745098
2301,0.0029156862745098
2302,0.0262411764705882
2303,0.0204098039215686
2304,0.0962176470588235
2305,0.0204098039215686
2306,0.00583137254901961
2307,0.00874705882352941
2308,0.0612294117647059
2309,0.0524823529411765
2310,0.00874705882352941
2311,0.0524823529411765
2312,0.125374509803922
2313,0.0699764705882353
2314,0.0816392156862745
2315,0.0962176470588235
2316,0.00874705882352941
2317,0.00874705882352941
2318,0.0174941176470588
2319,0.0641450980392157
2320,0.0933019607843137
2321,0.139952941176471
2322,0.0233254901960784
2323,0.0349882352941176
2324,0.0349882352941176
2325,0.14578431372549
2326,0.0262411764705882
2327,0.0116627450980392
2328,0.0437352941176471
2329,0.0641450980392157
2330,0.107880392156863
2331,0.131205882352941
2332,0.0495666666666667
2333,0.0699764705882353
2334,0.107880392156863
2335,0.14286862745098
2336,0.0933019607843137
2337,0.0699764705882353
2338,0.0379039215686275
2339,0.14578431372549
2340,0.0553980392156863
2341,0.0583137254901961
2342,0.0495666666666667
2343,0.029156862745098
2344,0.014578431372549
2345,0.104964705882353
2346,0.00874705882352941
2347,0.0787235294117647
2348,0.0641450980392157
2349,0.0437352941176471
2350,0.0262411764705882
2351,0.125374509803922
2352,0.0495666666666667
2353,0.0699764705882353
2354,0.0320725490196078
2355,0.107880392156863
2356,0.137037254901961
2357,0.0728921568627451
2358,0.00874705882352941
2359,0.0466509803921569
2360,0.00583137254901961
2361,0.0612294117647059
2362,0.0787235294117647
2363,0.0553980392156863
2364,0.107880392156863
2365,0.122458823529412
2366,0.0991333333333333
2367,0.14578431372549
2368,0.0495666666666667
2369,0.0670607843137255
2370,0.0991333333333333
2371,0.0524823529411765
2372,0.0116627450980392
2373,0.14286862745098
2374,0.0845549019607843
2375,0.029156862745098
2376,0.0728921568627451
2377,0.0204098039215686
2378,0.14578431372549
2379,0.0553980392156863
2380,0.00874705882352941
2381,0.0320725490196078
2382,0.131205882352941
2383,0.0845549019607843
2384,0.113711764705882
2385,0.0874705882352941
2386,0.110796078431373
2387,0.14286862745098
2388,0.014578431372549
2389,0.0029156862745098
2390,0.0670607843137255
2391,0.125374509803922
2392,0.0670607843137255
2393,0.104964705882353
2394,0.0903862745098039
2395,0.0612294117647059
2396,0.110796078431373
2397,0.110796078431373
2398,0.0408196078431373
2399,0.0349882352941176
2400,0.0379039215686275
2401,0.107880392156863
2402,0.00583137254901961
2403,0.0816392156862745
2404,0.134121568627451
2405,0.134121568627451
2406,0.0174941176470588
2407,0.14286862745098
2408,0.14286862745098
2409,0.0408196078431373
2410,0.0641450980392157
2411,0.102049019607843
2412,0.0320725490196078
2413,0.0816392156862745
2414,0.0495666666666667
2415,0.137037254901961
2416,0.128290196078431
2417,0.0583137254901961
2418,0.0758078431372549
2419,0.119543137254902
2420,0.0349882352941176
2421,0.0495666666666667
2422,0.0233254901960784
2423,0.0233254901960784
2424,0.0174941176470588
2425,0.029156862745098
2426,0.0670607843137255
2427,0.110796078431373
2428,0.0816392156862745
2429,0.014578431372549
2430,0.134121568627451
2431,0.0816392156862745
2432,0.0116627450980392
2433,0.0379039215686275
2434,0.0787235294117647
2435,0.0991333333333333
2436,0.134121568627451
2437,0.134121568627451
2438,0.0408196078431373
2439,0.0553980392156863
2440,0.0204098039215686
2441,0.14578431372549
2442,0.122458823529412
2443,0.107880392156863
2444,0.139952941176471
2445,0.110796078431373
2446,0.131205882352941
2447,0.116627450980392
2448,0.119543137254902
2449,0.0408196078431373
2450,0.0174941176470588
2451,0.0933019607843137
2452,0.00583137254901961
2453,0.113711764705882
2454,0.0583137254901961
2455,0.0379039215686275
2456,0.128290196078431
2457,0.0233254901960784
2458,0.0787235294117647
2459,0.104964705882353
2460,0.0408196078431373
2461,0.0787235294117647
2462,0.102049019607843
2463,0.0874705882352941
2464,0.00874705882352941
2465,0.00583137254901961
2466,0.0349882352941176
2467,0.0933019607843137
2468,0.0670607843137255
2469,0.0379039215686275
2470,0.0845549019607843
2471,0.0466509803921569
2472,0.119543137254902
2473,0.107880392156863
2474,0.0583137254901961
2475,0.0408196078431373
2476,0.0962176470588235
2477,0.00874705882352941
2478,0.139952941176471
2479,0.0612294117647059
2480,0.104964705882353
2481,0.0174941176470588
2482,0.116627450980392
2483,0.122458823529412
2484,0.0320725490196078
2485,0.0116627450980392
2486,0.139952941176471
2487,0.00583137254901961
2488,0.0262411764705882
2489,0.116627450980392
2490,0.0204098039215686
2491,0.0962176470588235
2492,0.0903862745098039
2493,0.0233254901960784
2494,0.0787235294117647
2495,0.0524823529411765
2496,0.116627450980392
2497,0.137037254901961
2498,0.0991333333333333
2499,0.00874705882352941
2500,0.14578431372549
2501,0.0845549019607843
2502,0.102049019607843
2503,0.107880392156863
2504,0.128290196078431
2505,0.0262411764705882
2506,0.0320725490196078
2507,0.137037254901961
2508,0.0029156862745098
2509,0.113711764705882
2510,0.119543137254902
2511,0.0583137254901961
2512,0.00583137254901961
2513,0.0233254901960784
2514,0.0991333333333333
2515,0.0262411764705882
2516,0.139952941176471
2517,0.0116627450980392
2518,0.0320725490196078
2519,0.0116627450980392
2520,0.0816392156862745
2521,0.139952941176471
2522,0.122458823529412
2523,0.0553980392156863
2524,0.14286862745098
2525,0.0845549019607843
2526,0.0553980392156863
2527,0.0349882352941176
2528,0.0029156862745098
2529,0.0991333333333333
2530,0.131205882352941
2531,0.029156862745098
2532,0.119543137254902
2533,0.0612294117647059
2534,0.0495666666666667
2535,0.029156862745098
2536,0.0874705882352941
2537,0.0787235294117647
2538,0.102049019607843
2539,0.0728921568627451
2540,0.128290196078431
2541,0.00583137254901961
2542,0.128290196078431
2543,0.116627450980392
2544,0.014578431372549
2545,0.0553980392156863
2546,0.119543137254902
2547,0.134121568627451
2548,0.0408196078431373
2549,0.134121568627451
2550,0.0437352941176471
2551,0.14578431372549
2552,0.119543137254902
2553,0.0262411764705882
2554,0.139952941176471
2555,0.0845549019607843
2556,0.119543137254902
2557,0.107880392156863
2558,0.0612294117647059
2559,0.116627450980392
2560,0.0466509803921569
2561,0.0437352941176471
2562,0.0379039215686275
2563,0.0933019607843137
2564,0.131205882352941
2565,0.0553980392156863
2566,0.125374509803922
2567,0.0174941176470588
2568,0.125374509803922
2569,0.0903862745098039
2570,0.137037254901961
2571,0.0699764705882353
2572,0.0204098039215686
2573,0.0233254901960784
2574,0.14578431372549
2575,0.107880392156863
2576,0.0845549019607843
2577,0.0874705882352941
2578,0.0758078431372549
2579,0.029156862745098
2580,0.125374509803922
2581,0.0816392156862745
2582,0.0583137254901961
2583,0.0553980392156863
2584,0.137037254901961
2585,0.0233254901960784
2586,0.139952941176471
2587,0.0816392156862745
2588,0.0262411764705882
2589,0.0029156862745098
2590,0.14286862745098
2591,0.0845549019607843
2592,0.0437352941176471
2593,0.0379039215686275
2594,0.00874705882352941
2595,0.0728921568627451
2596,0.0466509803921569
2597,0.0758078431372549
2598,0.104964705882353
2599,0.0962176470588235
2600,0.125374509803922
2601,0.0524823529411765
2602,0.0612294117647059
2603,0.029156862745098
2604,0.0787235294117647
2605,0.0524823529411765
2606,0.0349882352941176
2607,0.0174941176470588
2608,0.0320725490196078
2609,0.0204098039215686
2610,0.122458823529412
2611,0.139952941176471
2612,0.0437352941176471
2613,0.102049019607843
2614,0.102049019607843
2615,0.0379039215686275
2616,0.113711764705882
2617,0.0962176470588235
2618,0.0495666666666667
2619,0.134121568627451
2620,0.0903862745098039
2621,0.0379039215686275
2622,0.0583137254901961
2623,0.0758078431372549
2624,0.131205882352941
2625,0.029156862745098
2626,0.0116627450980392
2627,0.014578431372549
2628,0.125374509803922
2629,0.0991333333333333
2630,0.139952941176471
2631,0.0728921568627451
2632,0.139952941176471
2633,0.131205882352941
2634,0.00874705882352941
2635,0.137037254901961
2636,0.0466509803921569
2637,0.125374509803922
2638,0.0991333333333333
2639,0.104964705882353
2640,0.0758078431372549
2641,0.0029156862745098
2642,0.128290196078431
2643,0.0495666666666667
2644,0.122458823529412
2645,0.110796078431373
2646,0.137037254901961
2647,0.0466509803921569
2648,0.029156862745098
2649,0.0553980392156863
2650,0.0116627450980392
2651,0.104964705882353
2652,0.0787235294117647
2653,0.014578431372549
2654,0.0874705882352941
2655,0.0408196078431373
2656,0.113711764705882
2657,0.0379039215686275
2658,0.029156862745098
2659,0.0233254901960784
2660,0.00874705882352941
2661,0.0991333333333333
2662,0.0699764705882353
2663,0.125374509803922
2664,0.113711764705882
2665,0.014578431372549
2666,0.14578431372549
2667,0.0816392156862745
2668,0.0991333333333333
2669,0.113711764705882
2670,0.128290196078431
2671,0.0174941176470588
2672,0.0349882352941176
2673,0.110796078431373
2674,0.014578431372549
2675,0.0029156862745098
2676,0.14578431372549
2677,0.0758078431372549
2678,0.0641450980392157
2679,0.110796078431373
2680,0.0787235294117647
2681,0.137037254901961
2682,0.137037254901961
2683,0.128290196078431
2684,0.0233254901960784
2685,0.128290196078431
2686,0.0962176470588235
2687,0.102049019607843
2688,0.0174941176470588
2689,0.0204098039215686
2690,0.137037254901961
2691,0.0029156862745098
2692,0.102049019607843
2693,0.0583137254901961
2694,0.0874705882352941
2695,0.14578431372549
2696,0.110796078431373
2697,0.0029156862745098
2698,0.0553980392156863
2699,0.0524823529411765
2700,0.0787235294117647
2701,0.139952941176471
2702,0.0816392156862745
2703,0.0612294117647059
2704,0.0262411764705882
2705,0.119543137254902
2706,0.0320725490196078
2707,0.0991333333333333
2708,0.125374509803922
2709,0.116627450980392
2710,0.113711764705882
2711,0.131205882352941
2712,0.0408196078431373
2713,0.104964705882353
2714,0.14286862745098
2715,0.139952941176471
2716,0.0204098039215686
2717,0.00874705882352941
2718,0.0437352941176471
2719,0.107880392156863
2720,0.0262411764705882
2721,0.122458823529412
2722,0.0495666666666667
2723,0.0903862745098039
2724,0.0758078431372549
2725,0.119543137254902
2726,0.107880392156863
2727,0.0379039215686275
2728,0.0204098039215686
2729,0.0174941176470588
2730,0.0233254901960784
2731,0.0845549019607843
2732,0.00583137254901961
2733,0.113711764705882
2734,0.0116627450980392
2735,0.0116627450980392
2736,0.104964705882353
2737,0.0174941176470588
2738,0.0174941176470588
2739,0.0670607843137255
2740,0.0787235294117647
2741,0.0962176470588235
2742,0.0933019607843137
2743,0.0874705882352941
2744,0.0262411764705882
2745,0.0670607843137255
2746,0.128290196078431
2747,0.116627450980392
2748,0.137037254901961
2749,0.128290196078431
2750,0.119543137254902
2751,0.0845549019607843
2752,0.139952941176471
2753,0.0204098039215686
2754,0.0349882352941176
2755,0.014578431372549
2756,0.102049019607843
2757,0.14286862745098
2758,0.029156862745098
2759,0.00583137254901961
2760,0.110796078431373
2761,0.0524823529411765
2762,0.139952941176471
2763,0.0174941176470588
2764,0.131205882352941
2765,0.0174941176470588
2766,0.0641450980392157
2767,0.0466509803921569
2768,0.029156862745098
2769,0.0204098039215686
2770,0.0233254901960784
2771,0.0933019607843137
2772,0.0233254901960784
2773,0.0495666666666667
2774,0.104964705882353
2775,0.0845549019607843
2776,0.0991333333333333
2777,0.0029156862745098
2778,0.0816392156862745
2779,0.0408196078431373
2780,0.0991333333333333
2781,0.113711764705882
2782,0.0466509803921569
2783,0.139952941176471
2784,0.0933019607843137
2785,0.14578431372549
2786,0.0612294117647059
2787,0.014578431372549
2788,0.137037254901961
2789,0.14286862745098
2790,0.116627450980392
2791,0.0903862745098039
2792,0.137037254901961
2793,0.0466509803921569
2794,0.0116627450980392
2795,0.0524823529411765
2796,0.128290196078431
2797,0.0466509803921569
2798,0.125374509803922
2799,0.119543137254902
2800,0.0816392156862745
2801,0.102049019607843
2802,0.113711764705882
2803,0.0641450980392157
2804,0.0845549019607843
2805,0.0816392156862745
2806,0.0320725490196078
2807,0.0903862745098039
2808,0.0641450980392157
2809,0.0437352941176471
2810,0.0641450980392157
2811,0.0320725490196078
2812,0.0116627450980392
2813,0.119543137254902
2814,0.128290196078431
2815,0.00583137254901961
2816,0.0553980392156863
2817,0.0670607843137255
2818,0.0845549019607843
2819,0.0699764705882353
2820,0.0816392156862745
2821,0.104964705882353
2822,0.131205882352941
2823,0.0553980392156863
2824,0.0029156862745098
2825,0.014578431372549
2826,0.0466509803921569
2827,0.0408196078431373
2828,0.14286862745098
2829,0.139952941176471
2830,0.0845549019607843
2831,0.029156862745098
2832,0.0262411764705882
2833,0.0174941176470588
2834,0.0349882352941176
2835,0.0991333333333333
2836,0.00874705882352941
2837,0.14286862745098
2838,0.107880392156863
2839,0.125374509803922
2840,0.104964705882353
2841,0.0408196078431373
2842,0.0029156862745098
2843,0.0903862745098039
2844,0.0903862745098039
2845,0.125374509803922
2846,0.0874705882352941
2847,0.0553980392156863
2848,0.0962176470588235
2849,0.122458823529412
2850,0.0553980392156863
2851,0.110796078431373
2852,0.116627450980392
2853,0.128290196078431
2854,0.0495666666666667
2855,0.116627450980392
2856,0.122458823529412
2857,0.102049019607843
2858,0.14578431372549
2859,0.029156862745098
2860,0.0204098039215686
2861,0.029156862745098
2862,0.102049019607843
2863,0.0874705882352941
2864,0.102049019607843
2865,0.0728921568627451
2866,0.0204098039215686
2867,0.0379039215686275
2868,0.0495666666666667
2869,0.0903862745098039
2870,0.0816392156862745
2871,0.110796078431373
2872,0.113711764705882
2873,0.0933019607843137
2874,0.00874705882352941
2875,0.00874705882352941
2876,0.131205882352941
2877,0.139952941176471
2878,0.116627450980392
2879,0.131205882352941
2880,0.107880392156863
2881,0.0204098039215686
2882,0.0233254901960784
2883,0.00874705882352941
2884,0.14286862745098
2885,0.139952941176471
2886,0.029156862745098
2887,0.0962176470588235
2888,0.0408196078431373
2889,0.0379039215686275
2890,0.0612294117647059
2891,0.0204098039215686
2892,0.0379039215686275
2893,0.029156862745098
2894,0.0029156862745098
2895,0.0553980392156863
2896,0.0641450980392157
2897,0.102049019607843
2898,0.0583137254901961
2899,0.0408196078431373
2900,0.0553980392156863
2901,0.0262411764705882
2902,0.0787235294117647
2903,0.029156862745098
2904,0.0962176470588235
2905,0.0233254901960784
2906,0.0174941176470588
2907,0.0903862745098039
2908,0.104964705882353
2909,0.0320725490196078
2910,0.102049019607843
2911,0.0874705882352941
2912,0.0991333333333333
2913,0.0933019607843137
2914,0.0408196078431373
2915,0.0641450980392157
2916,0.125374509803922
2917,0.00874705882352941
2918,0.122458823529412
2919,0.14286862745098
2920,0.125374509803922
2921,0.0670607843137255
2922,0.107880392156863
2923,0.134121568627451
2924,0.0699764705882353
2925,0.00583137254901961
2926,0.0612294117647059
2927,0.116627450980392
2928,0.0379039215686275
2929,0.0641450980392157
2930,0.0903862745098039
2931,0.110796078431373
2932,0.0641450980392157
2933,0.0612294117647059
2934,0.102049019607843
2935,0.0991333333333333
2936,0.116627450980392
2937,0.0233254901960784
2938,0.0495666666666667
2939,0.0495666666666667
2940,0.029156862745098
2941,0.0553980392156863
2942,0.134121568627451
2943,0.0116627450980392
2944,0.00874705882352941
2945,0.0262411764705882
2946,0.0116627450980392
2947,0.0991333333333333
2948,0.137037254901961
2949,0.00583137254901961
2950,0.128290196078431
2951,0.0408196078431373
2952,0.0612294117647059
2953,0.0320725490196078
2954,0.14286862745098
2955,0.0262411764705882
2956,0.131205882352941
2957,0.0670607843137255
2958,0.00583137254901961
2959,0.122458823529412
2960,0.0349882352941176
2961,0.0699764705882353
2962,0.0787235294117647
2963,0.0874705882352941
2964,0.116627450980392
2965,0.0408196078431373
2966,0.0204098039215686
2967,0.0991333333333333
2968,0.110796078431373
2969,0.0320725490196078
2970,0.0262411764705882
2971,0.110796078431373
2972,0.137037254901961
2973,0.0874705882352941
2974,0.0845549019607843
2975,0.113711764705882
2976,0.00583137254901961
2977,0.0933019607843137
2978,0.0174941176470588
2979,0.0174941176470588
2980,0.0408196078431373
2981,0.0728921568627451
2982,0.014578431372549
2983,0.0991333333333333
2984,0.0262411764705882
2985,0.029156862745098
2986,0.0320725490196078
2987,0.0816392156862745
2988,0.122458823529412
2989,0.139952941176471
2990,0.14578431372549
2991,0.0787235294117647
2992,0.0466509803921569
2993,0.0728921568627451
2994,0.0816392156862745
2995,0.128290196078431
2996,0.14286862745098
2997,0.104964705882353
2998,0.0349882352941176
2999,0.0204098039215686
3000,0.0903862745098039
3001,0.0845549019607843
3002,0.0583137254901961
3003,0.00874705882352941
3004,0.0903862745098039
3005,0.0758078431372549
3006,0.0728921568627451
3007,0.0845549019607843
3008,0.029156862745098
3009,0.0758078431372549
3010,0.14286862745098
3011,0.107880392156863
3012,0.0962176470588235
3013,0.0029156862745098
3014,0.0933019607843137
3015,0.128290196078431
3016,0.0116627450980392
3017,0.107880392156863
3018,0.116627450980392
3019,0.14578431372549
3020,0.14286862745098
3021,0.0816392156862745
3022,0.116627450980392
3023,0.0437352941176471
3024,0.0962176470588235
3025,0.029156862745098
3026,0.0670607843137255
3027,0.0758078431372549
3028,0.0553980392156863
3029,0.0670607843137255
3030,0.110796078431373
3031,0.107880392156863
3032,0.102049019607843
3033,0.0174941176470588
3034,0.0612294117647059
3035,0.0437352941176471
3036,0.0612294117647059
3037,0.0408196078431373
3038,0.128290196078431
3039,0.00583137254901961
3040,0.0466509803921569
3041,0.029156862745098
3042,0.0174941176470588
3043,0.0874705882352941
3044,0.0437352941176471
3045,0.0933019607843137
3046,0.0583137254901961
3047,0.104964705882353
3048,0.104964705882353
3049,0.0204098039215686
3050,0.0670607843137255
3051,0.0612294117647059
3052,0.00874705882352941
3053,0.0437352941176471
3054,0.0612294117647059
3055,0.110796078431373
3056,0.137037254901961
3057,0.0174941176470588
3058,0.122458823529412
3059,0.0787235294117647
3060,0.0029156862745098
3061,0.0349882352941176
3062,0.029156862745098
3063,0.0320725490196078
3064,0.0437352941176471
3065,0.116627450980392
3066,0.0728921568627451
3067,0.137037254901961
3068,0.14578431372549
3069,0.0670607843137255
3070,0.0204098039215686
3071,0.0116627450980392
3072,0.0845549019607843
3073,0.14286862745098
3074,0.0991333333333333
3075,0.0933019607843137
3076,0.14286862745098
3077,0.0262411764705882
3078,0.0320725490196078
3079,0.0116627450980392
3080,0.0903862745098039
3081,0.0262411764705882
3082,0.134121568627451
3083,0.139952941176471
3084,0.0933019607843137
3085,0.104964705882353
3086,0.0553980392156863
3087,0.00874705882352941
3088,0.0524823529411765
3089,0.0379039215686275
3090,0.0583137254901961
3091,0.122458823529412
3092,0.014578431372549
3093,0.0553980392156863
3094,0.0495666666666667
3095,0.0845549019607843
3096,0.122458823529412
3097,0.0874705882352941
3098,0.0174941176470588
3099,0.137037254901961
3100,0.0641450980392157
3101,0.0816392156862745
3102,0.00874705882352941
3103,0.0670607843137255
3104,0.0933019607843137
3105,0.0116627450980392
3106,0.0758078431372549
3107,0.102049019607843
3108,0.0816392156862745
3109,0.0233254901960784
3110,0.0641450980392157
3111,0.107880392156863
3112,0.0962176470588235
3113,0.0408196078431373
3114,0.0699764705882353
3115,0.0874705882352941
3116,0.0728921568627451
3117,0.0553980392156863
3118,0.029156862745098
3119,0.122458823529412
3120,0.102049019607843
3121,0.0204098039215686
3122,0.137037254901961
3123,0.0466509803921569
3124,0.128290196078431
3125,0.104964705882353
3126,0.14286862745098
3127,0.0670607843137255
3128,0.0116627450980392
3129,0.0379039215686275
3130,0.0670607843137255
3131,0.0641450980392157
3132,0.029156862745098
3133,0.131205882352941
3134,0.102049019607843
3135,0.00874705882352941
3136,0.0408196078431373
3137,0.104964705882353
3138,0.0758078431372549
3139,0.137037254901961
3140,0.139952941176471
3141,0.139952941176471
3142,0.0349882352941176
3143,0.0408196078431373
3144,0.0670607843137255
3145,0.14286862745098
3146,0.104964705882353
3147,0.137037254901961
3148,0.014578431372549
3149,0.110796078431373
3150,0.0262411764705882
3151,0.0991333333333333
3152,0.0320725490196078
3153,0.134121568627451
3154,0.0670607843137255
3155,0.0933019607843137
3156,0.104964705882353
3157,0.139952941176471
3158,0.00583137254901961
3159,0.0029156862745098
3160,0.0466509803921569
3161,0.14286862745098
3162,0.0903862745098039
3163,0.0029156862745098
3164,0.14286862745098
3165,0.0845549019607843
3166,0.0758078431372549
3167,0.00874705882352941
3168,0.102049019607843
3169,0.122458823529412
3170,0.0320725490196078
3171,0.107880392156863
3172,0.0495666666666667
3173,0.0991333333333333
3174,0.029156862745098
3175,0.0524823529411765
3176,0.0204098039215686
3177,0.0495666666666667
3178,0.139952941176471
3179,0.0962176470588235
3180,0.131205882352941
3181,0.014578431372549
3182,0.128290196078431
3183,0.0874705882352941
3184,0.137037254901961
3185,0.0029156862745098
3186,0.0699764705882353
3187,0.113711764705882
3188,0.0524823529411765
3189,0.0524823529411765
3190,0.0612294117647059
3191,0.0349882352941176
3192,0.0466509803921569
3193,0.0553980392156863
3194,0.0816392156862745
3195,0.0962176470588235
3196,0.0845549019607843
3197,0.0233254901960784
3198,0.014578431372549
3199,0.0029156862745098
3200,0.0408196078431373
3201,0.0845549019607843
3202,0.0991333333333333
3203,0.14578431372549
3204,0.0991333333333333
3205,0.029156862745098
3206,0.0933019607843137
3207,0.116627450980392
3208,0.0670607843137255
3209,0.029156862745098
3210,0.0437352941176471
3211,0.029156862745098
3212,0.0670607843137255
3213,0.0758078431372549
3214,0.0553980392156863
3215,0.125374509803922
3216,0.0903862745098039
3217,0.107880392156863
3218,0.014578431372549
3219,0.0583137254901961
3220,0.0262411764705882
3221,0.0349882352941176
3222,0.00874705882352941
3223,0.029156862745098
3224,0.0845549019607843
3225,0.0349882352941176
3226,0.122458823529412
3227,0.0524823529411765
3228,0.0933019607843137
3229,0.0379039215686275
3230,0.0379039215686275
3231,0.0962176470588235
3232,0.0233254901960784
3233,0.110796078431373
3234,0.0233254901960784
3235,0.0933019607843137
3236,0.0116627450980392
3237,0.113711764705882
3238,0.0699764705882353
3239,0.0641450980392157
3240,0.0933019607843137
3241,0.0728921568627451
3242,0.102049019607843
3243,0.0495666666666667
3244,0.0787235294117647
3245,0.0466509803921569
3246,0.102049019607843
3247,0.0641450980392157
3248,0.0874705882352941
3249,0.0787235294117647
3250,0.139952941176471
3251,0.0233254901960784
3252,0.107880392156863
3253,0.0612294117647059
3254,0.0437352941176471
3255,0.0583137254901961
3256,0.0903862745098039
3257,0.102049019607843
3258,0.0612294117647059
3259,0.0379039215686275
3260,0.014578431372549
3261,0.14578431372549
3262,0.0233254901960784
3263,0.0583137254901961
3264,0.0320725490196078
3265,0.0437352941176471
3266,0.0583137254901961
3267,0.0320725490196078
3268,0.0583137254901961
3269,0.134121568627451
3270,0.0116627450980392
3271,0.014578431372549
3272,0.0933019607843137
3273,0.00874705882352941
3274,0.128290196078431
3275,0.0728921568627451
3276,0.125374509803922
3277,0.0874705882352941
3278,0.0758078431372549
3279,0.029156862745098
3280,0.0174941176470588
3281,0.110796078431373
3282,0.0583137254901961
3283,0.0437352941176471
3284,0.0845549019607843
3285,0.116627450980392
3286,0.134121568627451
3287,0.0728921568627451
3288,0.0204098039215686
3289,0.0495666666666667
3290,0.14578431372549
3291,0.0933019607843137
3292,0.0758078431372549
3293,0.014578431372549
3294,0.0204098039215686
3295,0.0466509803921569
3296,0.0962176470588235
3297,0.104964705882353
3298,0.0320725490196078
3299,0.0116627450980392
3300,0.0845549019607843
3301,0.0320725490196078
3302,0.139952941176471
3303,0.0262411764705882
3304,0.0758078431372549
3305,0.134121568627451
3306,0.128290196078431
3307,0.119543137254902
3308,0.029156862745098
3309,0.0583137254901961
3310,0.0524823529411765
3311,0.0816392156862745
3312,0.137037254901961
3313,0.0991333333333333
3314,0.0029156862745098
3315,0.131205882352941
3316,0.137037254901961
3317,0.0699764705882353
3318,0.104964705882353
3319,0.0787235294117647
3320,0.0962176470588235
3321,0.0758078431372549
3322,0.131205882352941
3323,0.00583137254901961
3324,0.119543137254902
3325,0.0437352941176471
3326,0.0524823529411765
3327,0.0437352941176471
3328,0.0174941176470588
3329,0.14286862745098
3330,0.104964705882353
3331,0.0029156862745098
3332,0.131205882352941
3333,0.0845549019607843
3334,0.0262411764705882
3335,0.0845549019607843
3336,0.0962176470588235
3337,0.0116627450980392
3338,0.0728921568627451
3339,0.0524823529411765
3340,0.0379039215686275
3341,0.0553980392156863
3342,0.0408196078431373
3343,0.104964705882353
3344,0.029156862745098
3345,0.102049019607843
3346,0.0466509803921569
3347,0.0728921568627451
3348,0.14286862745098
3349,0.0903862745098039
3350,0.0728921568627451
3351,0.14578431372549
3352,0.0466509803921569
3353,0.0174941176470588
3354,0.0874705882352941
3355,0.137037254901961
3356,0.00874705882352941
3357,0.0991333333333333
3358,0.0437352941176471
3359,0.0379039215686275
3360,0.113711764705882
3361,0.131205882352941
3362,0.0903862745098039
3363,0.0962176470588235
3364,0.0379039215686275
3365,0.0029156862745098
3366,0.0174941176470588
3367,0.116627450980392
3368,0.0495666666666667
3369,0.0437352941176471
3370,0.0262411764705882
3371,0.0320725490196078
3372,0.134121568627451
3373,0.0320725490196078
3374,0.113711764705882
3375,0.0991333333333333
3376,0.122458823529412
3377,0.0728921568627451
3378,0.0233254901960784
3379,0.0116627450980392
3380,0.116627450980392
3381,0.0816392156862745
3382,0.0029156862745098
3383,0.0699764705882353
3384,0.128290196078431
3385,0.0583137254901961
3386,0.128290196078431
3387,0.14578431372549
3388,0.0787235294117647
3389,0.0408196078431373
3390,0.0379039215686275
3391,0.0699764705882353
3392,0.0699764705882353
3393,0.0495666666666667
3394,0.0816392156862745
3395,0.102049019607843
3396,0.113711764705882
3397,0.0903862745098039
3398,0.0495666666666667
3399,0.0874705882352941
3400,0.029156862745098
3401,0.0583137254901961
3402,0.0174941176470588
3403,0.014578431372549
3404,0.0641450980392157
3405,0.0029156862745098
3406,0.0758078431372549
3407,0.119543137254902
3408,0.104964705882353
3409,0.029156862745098
3410,0.0437352941176471
3411,0.0466509803921569
3412,0.14578431372549
3413,0.0991333333333333
3414,0.014578431372549
3415,0.0699764705882353
3416,0.14578431372549
3417,0.0553980392156863
3418,0.139952941176471
3419,0.107880392156863
3420,0.116627450980392
3421,0.137037254901961
3422,0.0612294117647059
3423,0.102049019607843
3424,0.107880392156863
3425,0.139952941176471
3426,0.14578431372549
3427,0.0845549019607843
3428,0.029156862745098
3429,0.0349882352941176
3430,0.0320725490196078
3431,0.0204098039215686
3432,0.0379039215686275
3433,0.00874705882352941
3434,0.0233254901960784
3435,0.122458823529412
3436,0.014578431372549
3437,0.0903862745098039
3438,0.104964705882353
3439,0.0204098039215686
3440,0.00874705882352941
3441,0.0787235294117647
3442,0.0845549019607843
3443,0.0670607843137255
3444,0.139952941176471
3445,0.0903862745098039
3446,0.119543137254902
3447,0.0962176470588235
3448,0.14578431372549
3449,0.0524823529411765
3450,0.014578431372549
3451,0.14286862745098
3452,0.0029156862745098
3453,0.0233254901960784
3454,0.116627450980392
3455,0.0670607843137255
3456,0.0962176470588235
3457,0.00874705882352941
3458,0.14578431372549
3459,0.119543137254902
3460,0.0029156862745098
3461,0.00583137254901961
3462,0.116627450980392
3463,0.0495666666666667
3464,0.113711764705882
3465,0.029156862745098
3466,0.0816392156862745
3467,0.0874705882352941
3468,0.0408196078431373
3469,0.0845549019607843
3470,0.0408196078431373
3471,0.0174941176470588
3472,0.0437352941176471
3473,0.0903862745098039
3474,0.119543137254902
3475,0.0524823529411765
3476,0.0612294117647059
3477,0.119543137254902
3478,0.0349882352941176
3479,0.0991333333333333
3480,0.116627450980392
3481,0.104964705882353
3482,0.139952941176471
3483,0.0233254901960784
3484,0.0408196078431373
3485,0.0758078431372549
3486,0.0466509803921569
3487,0.14286862745098
3488,0.0816392156862745
3489,0.0553980392156863
3490,0.0758078431372549
3491,0.102049019607843
3492,0.00874705882352941
3493,0.14578431372549
3494,0.119543137254902
3495,0.014578431372549
3496,0.104964705882353
3497,0.0553980392156863
3498,0.0933019607843137
3499,0.00583137254901961
3500,0.119543137254902
3501,0.0320725490196078
3502,0.00583137254901961
3503,0.134121568627451
3504,0.131205882352941
3505,0.102049019607843
3506,0.0758078431372549
3507,0.0262411764705882
3508,0.0204098039215686
3509,0.0029156862745098
3510,0.137037254901961
3511,0.134121568627451
3512,0.110796078431373
3513,0.014578431372549
3514,0.0204098039215686
3515,0.116627450980392
3516,0.029156862745098
3517,0.0991333333333333
3518,0.0553980392156863
3519,0.0933019607843137
3520,0.0029156862745098
3521,0.0204098039215686
3522,0.139952941176471
3523,0.0670607843137255
3524,0.0612294117647059
3525,0.0816392156862745
3526,0.0233254901960784
3527,0.0962176470588235
3528,0.139952941176471
3529,0.14286862745098
3530,0.0262411764705882
3531,0.137037254901961
3532,0.0174941176470588
3533,0.122458823529412
3534,0.0991333333333333
3535,0.14578431372549
3536,0.0787235294117647
3537,0.014578431372549
3538,0.014578431372549
3539,0.110796078431373
3540,0.0437352941176471
3541,0.0379039215686275
3542,0.104964705882353
3543,0.0874705882352941
3544,0.134121568627451
3545,0.0787235294117647
3546,0.0233254901960784
3547,0.0553980392156863
3548,0.119543137254902
3549,0.0379039215686275
3550,0.110796078431373
3551,0.0320725490196078
3552,0.128290196078431
3553,0.0553980392156863
3554,0.14578431372549
3555,0.014578431372549
3556,0.0437352941176471
3557,0.102049019607843
3558,0.14286862745098
3559,0.0233254901960784
3560,0.128290196078431
3561,0.107880392156863
3562,0.122458823529412
3563,0.128290196078431
3564,0.0816392156862745
3565,0.122458823529412
3566,0.128290196078431
3567,0.131205882352941
3568,0.102049019607843
3569,0.0029156862745098
3570,0.107880392156863
3571,0.0670607843137255
3572,0.113711764705882
3573,0.0379039215686275
3574,0.0116627450980392
3575,0.0320725490196078
3576,0.0612294117647059
3577,0.0233254901960784
3578,0.00874705882352941
3579,0.0816392156862745
3580,0.0903862745098039
3581,0.0524823529411765
3582,0.00583137254901961
3583,0.0233254901960784
3584,0.128290196078431
3585,0.029156862745098
3586,0.0349882352941176
3587,0.119543137254902
3588,0.113711764705882
3589,0.0903862745098039
3590,0.0874705882352941
3591,0.0641450980392157
3592,0.0349882352941176
3593,0.110796078431373
3594,0.00583137254901961
3595,0.0204098039215686
3596,0.139952941176471
3597,0.014578431372549
3598,0.0991333333333333
3599,0.0233254901960784
3600,0.113711764705882
3601,0.0933019607843137
3602,0.104964705882353
3603,0.0699764705882353
3604,0.00583137254901961
3605,0.134121568627451
3606,0.137037254901961
3607,0.14286862745098
3608,0.0233254901960784
3609,0.00583137254901961
3610,0.0787235294117647
3611,0.0699764705882353
3612,0.107880392156863
3613,0.0699764705882353
3614,0.131205882352941
3615,0.0612294117647059
3616,0.113711764705882
3617,0.102049019607843
3618,0.131205882352941
3619,0.110796078431373
3620,0.0699764705882353
3621,0.0408196078431373
3622,0.0787235294117647
3623,0.134121568627451
3624,0.116627450980392
3625,0.0787235294117647
3626,0.131205882352941
3627,0.0991333333333333
3628,0.0320725490196078
3629,0.0379039215686275
3630,0.110796078431373
3631,0.0553980392156863
3632,0.0116627450980392
3633,0.104964705882353
3634,0.125374509803922
3635,0.0524823529411765
3636,0.0174941176470588
3637,0.0933019607843137
3638,0.0029156862745098
3639,0.0874705882352941
3640,0.134121568627451
3641,0.0437352941176471
3642,0.137037254901961
3643,0.113711764705882
3644,0.0029156862745098
3645,0.139952941176471
3646,0.0699764705882353
3647,0.0670607843137255
3648,0.029156862745098
3649,0.0787235294117647
3650,0.14286862745098
3651,0.0933019607843137
3652,0.104964705882353
3653,0.0320725490196078
3654,0.0583137254901961
3655,0.00583137254901961
3656,0.113711764705882
3657,0.0962176470588235
3658,0.0699764705882353
3659,0.0466509803921569
3660,0.107880392156863
3661,0.0029156862745098
3662,0.0408196078431373
3663,0.14578431372549
3664,0.134121568627451
3665,0.102049019607843
3666,0.0962176470588235
3667,0.0437352941176471
3668,0.102049019607843
3669,0.0495666666666667
3670,0.14286862745098
3671,0.0029156862745098
3672,0.113711764705882
3673,0.0233254901960784
3674,0.0466509803921569
3675,0.00583137254901961
3676,0.0787235294117647
3677,0.00583137254901961
3678,0.0349882352941176
3679,0.0845549019607843
3680,0.0903862745098039
3681,0.0349882352941176
3682,0.0524823529411765
3683,0.0437352941176471
3684,0.0874705882352941
3685,0.0349882352941176
3686,0.0612294117647059
3687,0.0379039215686275
3688,0.0699764705882353
3689,0.0787235294117647
3690,0.119543137254902
3691,0.110796078431373
3692,0.0699764705882353
3693,0.14286862745098
3694,0.0466509803921569
3695,0.122458823529412
3696,0.116627450980392
3697,0.131205882352941
3698,0.0495666666666667
3699,0.029156862745098
3700,0.0583137254901961
3701,0.0874705882352941
3702,0.0874705882352941
3703,0.131205882352941
3704,0.0933019607843137
3705,0.0495666666666667
3706,0.0029156862745098
3707,0.14286862745098
3708,0.0583137254901961
3709,0.102049019607843
3710,0.0174941176470588
3711,0.0933019607843137
3712,0.107880392156863
3713,0.102049019607843
3714,0.113711764705882
3715,0.0204098039215686
3716,0.0116627450980392
3717,0.0349882352941176
3718,0.0670607843137255
3719,0.0320725490196078
3720,0.0437352941176471
3721,0.00583137254901961
3722,0.0320725490196078
3723,0.0349882352941176
3724,0.029156862745098
3725,0.0874705882352941
3726,0.137037254901961
3727,0.0699764705882353
3728,0.102049019607843
3729,0.029156862745098
3730,0.0933019607843137
3731,0.110796078431373
3732,0.0408196078431373
3733,0.0408196078431373
3734,0.0699764705882353
3735,0.0641450980392157
3736,0.0320725490196078
3737,0.00874705882352941
3738,0.0874705882352941
3739,0.0524823529411765
3740,0.0233254901960784
3741,0.014578431372549
3742,0.0641450980392157
3743,0.014578431372549
3744,0.113711764705882
3745,0.0612294117647059
3746,0.0991333333333333
3747,0.139952941176471
3748,0.128290196078431
3749,0.110796078431373
3750,0.0787235294117647
3751,0.0612294117647059
3752,0.0437352941176471
3753,0.14286862745098
3754,0.0524823529411765
3755,0.0029156862745098
3756,0.0379039215686275
3757,0.0204098039215686
3758,0.131205882352941
3759,0.0233254901960784
3760,0.029156862745098
3761,0.00874705882352941
3762,0.119543137254902
3763,0.122458823529412
3764,0.0116627450980392
3765,0.137037254901961
3766,0.0233254901960784
3767,0.0816392156862745
3768,0.14578431372549
3769,0.131205882352941
3770,0.0553980392156863
3771,0.0874705882352941
3772,0.0641450980392157
3773,0.0670607843137255
3774,0.128290196078431
3775,0.014578431372549
3776,0.0728921568627451
3777,0.102049019607843
3778,0.102049019607843
3779,0.00583137254901961
3780,0.0408196078431373
3781,0.0408196078431373
3782,0.0262411764705882
3783,0.0699764705882353
3784,0.0233254901960784
3785,0.0116627450980392
3786,0.0553980392156863
3787,0.0116627450980392
3788,0.131205882352941
3789,0.0320725490196078
3790,0.137037254901961
3791,0.0495666666666667
3792,0.137037254901961
3793,0.0524823529411765
3794,0.14578431372549
3795,0.0408196078431373
3796,0.113711764705882
3797,0.139952941176471
3798,0.0437352941176471
3799,0.0495666666666667
3800,0.0204098039215686
3801,0.0612294117647059
3802,0.125374509803922
3803,0.00583137254901961
3804,0.0320725490196078
3805,0.0787235294117647
3806,0.104964705882353
3807,0.0845549019607843
3808,0.0758078431372549
3809,0.0583137254901961
3810,0.0583137254901961
3811,0.0204098039215686
3812,0.0933019607843137
3813,0.119543137254902
3814,0.0379039215686275
3815,0.0670607843137255
3816,0.116627450980392
3817,0.0320725490196078
3818,0.102049019607843
3819,0.00874705882352941
3820,0.14578431372549
3821,0.029156862745098
3822,0.122458823529412
3823,0.0553980392156863
3824,0.128290196078431
3825,0.00583137254901961
3826,0.116627450980392
3827,0.128290196078431
3828,0.0320725490196078
3829,0.00583137254901961
3830,0.0204098039215686
3831,0.0583137254901961
3832,0.0553980392156863
3833,0.00583137254901961
3834,0.122458823529412
3835,0.029156862745098
3836,0.116627450980392
3837,0.0116627450980392
3838,0.0262411764705882
3839,0.0204098039215686
3840,0.0699764705882353
3841,0.107880392156863
3842,0.0116627450980392
3843,0.0204098039215686
3844,0.0524823529411765
3845,0.0816392156862745
3846,0.0612294117647059
3847,0.0845549019607843
3848,0.0204098039215686
3849,0.0495666666666667
3850,0.0699764705882353
3851,0.131205882352941
3852,0.0728921568627451
3853,0.0116627450980392
3854,0.113711764705882
3855,0.122458823529412
3856,0.131205882352941
3857,0.0495666666666667
3858,0.014578431372549
3859,0.110796078431373
3860,0.104964705882353
3861,0.110796078431373
3862,0.0116627450980392
3863,0.134121568627451
3864,0.0524823529411765
3865,0.014578431372549
3866,0.0233254901960784
3867,0.0728921568627451
3868,0.0174941176470588
3869,0.0758078431372549
3870,0.0466509803921569
3871,0.0874705882352941
3872,0.0991333333333333
3873,0.0903862745098039
3874,0.0233254901960784
3875,0.137037254901961
3876,0.0495666666666667
3877,0.0029156862745098
3878,0.137037254901961
3879,0.0845549019607843
3880,0.0612294117647059
3881,0.122458823529412
3882,0.0816392156862745
3883,0.110796078431373
3884,0.113711764705882
3885,0.0612294117647059
3886,0.128290196078431
3887,0.0553980392156863
3888,0.0553980392156863
