imgN,humanresponse
1,0.0109338235294118
2,0.0725276960784314
3,0.0486919607843137
4,0.0116627450980392
5,0.111087647058824
6,0.109629803921569
7,0.0940308823529412
8,0.0157447058823529
9,0.115898529411765
10,0.107394444444444
11,0.112545490196078
12,0.0690045751633987
13,0.0269700980392157
14,0.0964259103641456
15,0.115716299019608
16,0.0461650326797386
17,0.0998622549019608
18,0.0958531862745098
19,0.0442819852941176
20,0.0459220588235294
21,0.0369320261437909
22,0.0466509803921569
23,0.054912091503268
24,0.0988903594771242
25,0.0612294117647059
26,0.0308576797385621
27,0.0615209803921569
28,0.0417915032679739
29,0.059771568627451
30,0.0314894117647059
31,0.0149428921568627
32,0.0724484654731458
33,0.0223535947712418
34,0.101098252344416
35,0.102632156862745
36,0.0988903594771242
37,0.08922
38,0.0772656862745098
39,0.093787908496732
40,0.0368897698209719
41,0.0160362745098039
42,0.0631732026143791
43,0.0313436274509804
44,0.0125738970588235
45,0.00801813725490196
46,0.0828887955182073
47,0.0527739215686274
48,0.00699764705882353
49,0.0827325980392157
50,0.044901568627451
51,0.0911151960784314
52,0.0790150980392157
53,0.0913581699346405
54,0.125082941176471
55,0.0171296568627451
56,0.00583137254901961
57,0.0216246732026144
58,0.0933019607843137
59,0.0739855392156863
60,0.0692475490196078
61,0.00670607843137255
62,0.041184068627451
63,0.0201182352941176
64,0.104964705882353
65,0.108244852941176
66,0.109824183006536
67,0.0982586274509804
68,0.0306147058823529
69,0.104964705882353
70,0.0805458333333333
71,0.12294477124183
72,0.0408196078431373
73,0.07435
74,0.0213816993464052
75,0.0301287581699346
76,0.00546691176470588
77,0.00923300653594771
78,0.0215031862745098
79,0.10992137254902
80,0.0204098039215686
81,0.0564914215686275
82,0.0845549019607843
83,0.104600245098039
84,0.0830970588235294
85,0.00109338235294118
86,0.0408196078431373
87,0.0809102941176471
88,0.125374509803922
89,0.064631045751634
90,0.101684558823529
91,0.0965092156862745
92,0.104600245098039
93,0.044318431372549
94,0.0189519607843137
95,0.0755648692810457
96,0.0877621568627451
97,0.0615938725490196
98,0.112253921568627
99,0.114961344537815
100,0.0400906862745098
101,0.123041960784314
102,0.111160539215686
103,0.0382683823529412
104,0.0183688235294118
105,0.0804729411764706
106,0.0408196078431373
107,0.0626872549019608
108,0.110310130718954
109,0.0696849019607843
110,0.0481088235294118
111,0.0186603921568627
112,0.117502156862745
113,0.0838259803921569
114,0.106787009803922
115,0.104478758169935
116,0.0801813725490196
117,0.114878039215686
118,0.0828054901960784
119,0.0533570588235294
120,0.0988417647058824
121,0.100226715686275
122,0.014578431372549
123,0.107672128851541
124,0.107394444444444
125,0.07435
126,0.0577305882352941
127,0.0711427450980392
128,0.0551550653594771
129,0.0164007352941176
130,0.0184052696078431
131,0.0862557189542484
132,0.116262990196078
133,0.00656029411764706
134,0.0506600490196078
135,0.0116627450980392
136,0.058896862745098
137,0.0883452941176471
138,0.0171296568627451
139,0.0102049019607843
140,0.0199238562091503
141,0.0014578431372549
142,0.0772656862745098
143,0.0820036764705882
144,0.0929375
145,0.0255122549019608
146,0.110796078431373
147,0.0947598039215686
148,0.0014578431372549
149,0.0255122549019608
150,0.0019437908496732
151,0.000728921568627451
152,0.00437352941176471
153,0.0153073529411765
154,0.0850408496732026
155,0.0799731092436975
156,0.103298599439776
157,0.0967035947712418
158,0.105329166666667
159,0.0850408496732026
160,0.0196808823529412
161,0.107151470588235
162,0.121729901960784
163,0.0029156862745098
164,0.0182230392156863
165,0.0119543137254902
166,0.0119543137254902
167,0.0833400326797386
168,0.0911151960784314
169,0.00692475490196078
170,0.082368137254902
171,0.00680326797385621
172,0.108973774509804
173,0.0796954248366013
174,0.0758078431372549
175,0.0874705882352941
176,0.112837058823529
177,0.0201182352941176
178,0.0804729411764706
179,0.0495666666666667
180,0.0341135294117647
181,0.090094705882353
182,0.0209929411764706
183,0.0763909803921569
184,0.0685186274509804
185,0.0912609803921569
186,0.0710698529411765
187,0.101077124183007
188,0.0758078431372549
189,0.0428241421568627
190,0.0314894117647059
191,0.0826111111111111
192,0.0850408496732026
193,0.0441518207282913
194,0.0286709150326797
195,0.0548149019607843
196,0.0542317647058823
197,0.126540784313725
198,0.0255122549019608
199,0.0806673202614379
200,0.0692475490196078
201,0.0775572549019608
202,0.0967035947712418
203,0.0143962009803922
204,0.0460678431372549
205,0.0998622549019608
206,0.0957316993464052
207,0.0828054901960784
208,0.117210588235294
209,0.126832352941176
210,0.0244188725490196
211,0.0374179738562092
212,0.0699764705882353
213,0.0563699346405229
214,0.0900218137254902
215,0.038875816993464
216,0.114197712418301
217,0.0666963235294118
218,0.0556896078431373
219,0.00364460784313725
220,0.132177777777778
221,0.0871061274509804
222,0.088928431372549
223,0.101806045751634
224,0.0900218137254902
225,0.0466509803921569
226,0.0996192810457516
227,0.0705596078431373
228,0.0419129901960784
229,0.106422549019608
230,0.00947598039215686
231,0.0575848039215686
232,0.078359068627451
233,0.0816392156862745
234,0.0564914215686275
235,0.0302502450980392
236,0.022596568627451
237,0.0381954901960784
238,0.0779946078431372
239,0.0293998366013072
240,0.0402364705882353
241,0.0326556862745098
242,0.0389973039215686
243,0.0102049019607843
244,0.0398688405797101
245,0.00534542483660131
246,0.00437352941176471
247,0.0528988795518207
248,0.00911151960784314
249,0.000485947712418301
250,0.109338235294118
251,0.00631732026143791
252,0.0504413725490196
253,0.126832352941176
254,0.041184068627451
255,0.0724756302521008
256,0.0306147058823529
257,0.00262411764705882
258,0.012877614379085
259,0.0149428921568627
260,0.0186603921568627
261,0.00627506393861892
262,0.0428605882352941
263,0.0513889705882353
264,0.0572203431372549
265,0.114586470588235
266,0.0481088235294118
267,0.0568558823529412
268,0.110212941176471
269,0.114683660130719
270,0.0484732843137255
271,0.0236899509803922
272,0.00485947712418301
273,0.00670607843137255
274,0.0790879901960784
275,0.0612294117647059
276,0.0379039215686275
277,0.063780637254902
278,0.00534542483660131
279,0.00845549019607843
280,0.114926633986928
281,0.0611660272804774
282,0.074933137254902
283,0.0510245098039216
284,0.0476922969187675
285,0.0765367647058823
286,0.111767973856209
287,0.0656029411764706
288,0.022596568627451
289,0.075625612745098
290,0.0153073529411765
291,0.0375394607843137
292,0.140924836601307
293,0.0568558823529412
294,0.0457002131287297
295,0.0306147058823529
296,0.0720174509803921
297,0.0208957516339869
298,0.121000980392157
299,0.0536486274509804
300,0.0208957516339869
301,0.0524823529411765
302,0.00787235294117647
303,0.00722583120204604
304,0.122458823529412
305,0.096946568627451
306,0.0484003921568627
307,0.0556410130718954
308,0.0303717320261438
309,0.0262411764705882
310,0.0427633986928105
311,0.0024297385620915
312,0.0495666666666667
313,0.07435
314,0.0653113725490196
315,0.0845549019607843
316,0.10302091503268
317,0.0660888888888889
318,0.00267271241830065
319,0.0693933333333333
320,0.00437352941176471
321,0.0510245098039216
322,0.0916011437908497
323,0.105450653594771
324,0.0769012254901961
325,0.0116627450980392
326,0.0167651960784314
327,0.00838259803921569
328,0.00109338235294118
329,0.0286709150326797
330,0.0422774509803922
331,0.0653113725490196
332,0.00971895424836601
333,0.0926077497665733
334,0.0542317647058823
335,0.0559811764705882
336,0.0215031862745098
337,0.00923300653594771
338,0.0391187908496732
339,0.0166610644257703
340,0.00485947712418301
341,0.0131205882352941
342,0.045193137254902
343,0.0116627450980392
344,0.00408196078431373
345,0.00704624183006536
346,0.00656029411764706
347,0.0379039215686275
348,0.0119057189542484
349,0.00911151960784314
350,0.0396533333333333
351,0.044026862745098
352,0.0113711764705882
353,0.0524823529411765
354,0.0259496078431373
355,0.00670607843137255
356,0
357,0.00400906862745098
358,0.0396533333333333
359,0.0603547058823529
360,0.0790150980392157
361,0.0109021312872975
362,0.0269700980392157
363,0.0253664705882353
364,0.00524823529411765
365,0.00400906862745098
366,0.00728921568627451
367,0.00777516339869281
368,0.000971895424836601
369,0.00495666666666667
370,0.00121486928104575
371,0.00758078431372549
372,0.00388758169934641
373,0.00984044117647059
374,0.00607434640522876
375,0.0202015406162465
376,0.00991333333333333
377,0.00692475490196078
378,0.0652384803921569
379,0.00826111111111111
380,0.00911151960784314
381,0.0251477941176471
382,0.0198266666666667
383,0.0233254901960784
384,0.0415485294117647
385,0.00388758169934641
386,0.0169109803921569
387,0.00262411764705882
388,0.0148214052287582
389,0.0725276960784314
390,0.022596568627451
391,0.0149428921568627
392,0.0408196078431372
393,0.0456790849673203
394,0.0222321078431373
395,0.00984044117647059
396,0.00728921568627451
397,0.0153073529411765
398,0.00728921568627451
399,0.0224507843137255
400,0.00437352941176471
401,0.00899003267973856
402,0.0163278431372549
403,0.0427633986928105
404,0.0218676470588235
405,0.00262411764705882
406,0.0195350980392157
407,0.00174941176470588
408,0.00665537084398977
409,0.00699764705882353
410,0.0247833333333333
411,0.00466509803921569
412,0.00534542483660131
413,0.0320725490196078
414,0.00728921568627451
415,0.0149428921568627
416,0.00631732026143791
417,0.0411111764705882
418,0.0426419117647059
419,0.0240544117647059
420,0.0447071895424837
421,0.0153073529411765
422,0.0143354575163399
423,0.0393617647058824
424,0.078359068627451
425,0.0510245098039216
426,0.0116627450980392
427,0.014578431372549
428,0.0557625
429,0.0160362745098039
430,0.0390701960784314
431,0.0233254901960784
432,0.0138495098039216
433,0.0102049019607843
434,0.0629302287581699
435,0.00923300653594771
436,0.0670607843137255
437,0.109338235294118
438,0.0338219607843137
439,0.0865958823529412
440,0.114294901960784
441,0.0495666666666667
442,0.0736210784313726
443,0.0821251633986928
444,0.0570988562091503
445,0.0362031045751634
446,0.124098897058824
447,0.00437352941176471
448,0.0515798786181139
449,0.0651169934640523
450,0.0400906862745098
451,0.0732566176470588
452,0.0510245098039216
453,0.0174941176470588
454,0.0529683006535948
455,0.110796078431373
456,0.00753218954248366
457,0.0342593137254902
458,0.0847371323529412
459,0.00485947712418301
460,0.0236424126172208
461,0.0816392156862745
462,0.0342593137254902
463,0.00777516339869281
464,0.014578431372549
465,0.0014578431372549
466,0.0636591503267974
467,0.113347303921569
468,0.0562727450980392
469,0.0563699346405229
470,0.116627450980392
471,0.0605004901960784
472,0.0250263071895425
473,0.0215031862745098
474,0.0180772549019608
475,0.0128290196078431
476,0.00947598039215686
477,0.00349882352941176
478,0.04461
479,0.100834150326797
480,0.0489835294117647
481,0.00495666666666667
482,0.0335303921568628
483,0.0431521568627451
484,0.064631045751634
485,0.10593660130719
486,0.0189519607843137
487,0.0019437908496732
488,0.0661860784313725
489,0.00437352941176471
490,0.0606462745098039
491,0.0860127450980392
492,0.0490807189542484
493,0.00485947712418301
494,0.0914796568627451
495,0.024297385620915
496,0.0965821078431373
497,0.064631045751634
498,0.0551550653594771
499,0.0674252450980392
500,0.0879565359477124
501,0.0302502450980392
502,0.0259496078431373
503,0.0944682352941177
504,0.059771568627451
505,0.0324370098039216
506,0.0758078431372549
507,0.00534542483660131
508,0.00233254901960784
509,0.0845549019607843
510,0.00174941176470588
511,0.0355713725490196
512,0.113711764705882
513,0.0174941176470588
514,0.0583137254901961
515,0.112982843137255
516,0.060063137254902
517,0.0014578431372549
518,0.0641450980392157
519,0.0309791666666667
520,0.00233254901960784
521,0.0029156862745098
522,0.0656029411764706
523,0.051753431372549
524,0.0575848039215686
525,0.0279905882352941
526,0.0439782679738562
527,0.0974325163398693
528,0.0665748366013072
529,0.102049019607843
530,0.0651169934640523
531,0.0189519607843137
532,0.01487
533,0.133757107843137
534,0.00524823529411765
535,0.00728921568627451
536,0.0354047619047619
537,0.00583137254901961
538,0.0411111764705882
539,0.04461
540,0.0834615196078431
541,0.0276990196078431
542,0.00631732026143791
543,0.0153073529411765
544,0.0364460784313725
545,0.0765684569479966
546,0.0941766666666667
547,0.0481088235294118
548,0.0612294117647059
549,0.0787235294117647
550,0.0925730392156863
551,0.0163278431372549
552,0.0899003267973856
553,0.0618125490196078
554,0.059771568627451
555,0.0408196078431373
556,0.092052380952381
557,0.0724062091503268
558,0.0770227124183007
559,0.0116627450980392
560,0.0119057189542484
561,0.00753218954248366
562,0.0405766339869281
563,0.051753431372549
564,0.0602575163398693
565,0.0170081699346405
566,0.0410625816993464
567,0.0537579656862745
568,0.0521907843137255
569,0.0398477124183007
570,0.0550335784313725
571,0.00656029411764706
572,0.00413055555555556
573,0.00801813725490196
574,0.0772656862745098
575,0.0122458823529412
576,0.00850408496732026
577,0.0211387254901961
578,0.0763909803921569
579,0.0668178104575163
580,0.0215760784313726
581,0.033165931372549
582,0.0174941176470588
583,0.0222321078431373
584,0.0131205882352941
585,0.00971895424836601
586,0.00619583333333333
587,0.045193137254902
588,0.0541831699346405
589,0.0154895833333333
590,0.0364460784313725
591,0.0527739215686274
592,0.109046666666667
593,0.0174941176470588
594,0.0486919607843137
595,0.0183688235294118
596,0.00758078431372549
597,0.00911151960784314
598,0.029156862745098
599,0.0762937908496732
600,0.0867416666666667
601,0.00485947712418301
602,0.00109338235294118
603,0.0422774509803922
604,0.089511568627451
605,0.0313436274509804
606,0.0881995098039216
607,0.044026862745098
608,0.0982586274509804
609,0.0827499533146592
610,0.0359601307189543
611,0.0393617647058824
612,0.0871790196078431
613,0.0120272058823529
614,0.019368487394958
615,0.0382683823529412
616,0.0302502450980392
617,0.0469425490196078
618,0.0218676470588235
619,0.0127561274509804
620,0.0279419934640523
621,0.00758078431372549
622,0.0827325980392157
623,0.035474183006536
624,0.00583137254901961
625,0.0405280392156863
626,0.0137037254901961
627,0.0447071895424837
628,0.0172025490196078
629,0.0586781862745098
630,0.088928431372549
631,0.0498096405228758
632,0.0615938725490196
633,0.022596568627451
634,0.0499311274509804
635,0.0189519607843137
636,0.0562727450980392
637,0.0325584967320261
638,0.0610211484593837
639,0.100834150326797
640,0.0223535947712418
641,0.0574390196078431
642,0.0979670588235294
643,0.0451297527706735
644,0.0163278431372549
645,0.00400906862745098
646,0.0947598039215686
647,0.0520658263305322
648,0.00437352941176471
649,0.00204098039215686
650,0.00874705882352941
651,0.00728921568627451
652,0.0178585784313725
653,0.0497568201193521
654,0.00320725490196078
655,0.0617153594771242
656,0.0691017647058823
657,0.0723090196078431
658,0.0309062745098039
659,0.00466509803921569
660,0.0131205882352941
661,0.0014578431372549
662,0.0578971988795518
663,0.0570988562091503
664,0.0650198039215686
665,0.0466509803921569
666,0.046893954248366
667,0.0215031862745098
668,0.00553980392156863
669,0.0349882352941176
670,0.0293998366013072
671,0.0483517973856209
672,0.0542317647058824
673,0.00765367647058823
674,0.035474183006536
675,0.0215760784313725
676,0.0355713725490196
677,0.0342593137254902
678,0.0422774509803922
679,0.00753218954248366
680,0.00845549019607843
681,0.00262411764705882
682,0.0951242647058824
683,0.0551550653594771
684,0.07435
685,0.0603547058823529
686,0.0561269607843137
687,0.0677897058823529
688,0.0153073529411765
689,0.00546691176470588
690,0.0119057189542484
691,0.0163278431372549
692,0.00475383631713555
693,0.00680326797385621
694,0.0498582352941177
695,0.0623956862745098
696,0.0366890522875817
697,0.045193137254902
698,0.0309062745098039
699,0.0548909633418585
700,0.0940308823529412
701,0.0405280392156863
702,0.00267271241830065
703,0.00364460784313725
704,0.0201182352941176
705,0.0229610294117647
706,0.041184068627451
707,0.0349882352941176
708,0.0522393790849673
709,0.00182230392156863
710,0.0244188725490196
711,0.0239086274509804
712,0.0970923529411765
713,0.0276990196078431
714,0.0478172549019608
715,0.0207013725490196
716,0.0495666666666667
717,0.0160362745098039
718,0.0653599673202614
719,0.0119057189542484
720,0.010569362745098
721,0.0185875
722,0.0193164215686275
723,0.0357171568627451
724,0.0164007352941176
725,0.064631045751634
726,0.04461
727,0.0293998366013072
728,0.0014578431372549
729,0.0309062745098039
730,0.0257552287581699
731,0.0732566176470588
732,0.0532112745098039
733,0.05948
734,0.0137037254901961
735,0.00182230392156863
736,0.0659674019607843
737,0.0583137254901961
738,0.058896862745098
739,0.073766862745098
740,0.0617153594771242
741,0.0211387254901961
742,0.0658945098039216
743,0.054912091503268
744,0.0397262254901961
745,0.0128290196078431
746,0.0450542950513539
747,0.0317080882352941
748,0.0427633986928105
749,0.0110796078431373
750,0.0361545098039216
751,0.0170081699346405
752,0.0415485294117647
753,0.0247833333333333
754,0.0199238562091503
755,0.0845549019607843
756,0.0149428921568627
757,0.0102049019607843
758,0.0245297953964194
759,0.0195350980392157
760,0.0454361111111111
761,0.0676439215686275
762,0.0603547058823529
763,0.0647282352941176
764,0.0947598039215686
765,0.0280634803921569
766,0.0760994117647059
767,0.0328014705882353
768,0.00874705882352941
769,0.00680326797385621
770,0.0113711764705882
771,0.0381954901960784
772,0.056578197945845
773,0.0185875
774,0.0345022875816993
775,0.00971895424836601
776,0.0196808823529412
777,0.0029156862745098
778,0.0313436274509804
779,0.0601360294117647
780,0.0218676470588235
781,0.0344050980392157
782,0.0268243137254902
783,0.0366890522875817
784,0.0222321078431373
785,0.0595893382352941
786,0.0417915032679739
787,0.0524823529411765
788,0.00262411764705882
789,0.00255122549019608
790,0.0679354901960784
791,0.0177856862745098
792,0.0635203081232493
793,0.0685186274509804
794,0.00856482843137255
795,0.0242001960784314
796,0.00400906862745098
797,0.0352798039215686
798,0.0329472549019608
799,0.0304324754901961
800,0.00899003267973856
801,0.00728921568627451
802,0.0469425490196078
803,0.0408196078431372
804,0.0455575980392157
805,0.0328014705882353
806,0.0370292156862745
807,0.0510245098039216
808,0.0612294117647059
809,0.0731837254901961
810,0.0696120098039216
811,0.0102049019607843
812,0.00534542483660131
813,0.0102049019607843
814,0.0534542483660131
815,0.0464080065359477
816,0.0014578431372549
817,0.0207742647058824
818,0.0578277777777778
819,0.0285737254901961
820,0.0855267973856209
821,0.0748966911764706
822,0.0648740196078431
823,0.0811532679738562
824,0.0501498039215686
825,0.0495666666666667
826,0.0444642156862745
827,0.0782375816993464
828,0.00349882352941176
829,0.0287924019607843
830,0.0466509803921569
831,0.0612294117647059
832,0.0733781045751634
833,0.0681541666666667
834,0.0510245098039216
835,0.0918441176470588
836,0.0150643790849673
837,0.0501498039215686
838,0.0688101960784314
839,0.00400906862745098
840,0.0605004901960784
841,0.00947598039215686
842,0.0481088235294118
843,0.0215760784313726
844,0.0626872549019608
845,0.0942738562091503
846,0.0551550653594771
847,0.0542317647058824
848,0.0680326797385621
849,0.0201668300653595
850,0.0374179738562092
851,0.0605004901960784
852,0.0211387254901961
853,0.0772656862745098
854,0.0302502450980392
855,0.0078359068627451
856,0.0758078431372549
857,0.077508660130719
858,0.0485947712418301
859,0.0131205882352941
860,0.0154024296675192
861,0.0306147058823529
862,0.0641450980392157
863,0.0393617647058824
864,0.0374179738562092
865,0.0572203431372549
866,0.00692475490196078
867,0.0174941176470588
868,0.0670607843137255
869,0.0609378431372549
870,0.0711427450980392
871,0.135579411764706
872,0.10989360410831
873,0.0233254901960784
874,0.093787908496732
875,0.084919362745098
876,0.0422774509803922
877,0.0430063725490196
878,0.0950513725490196
879,0.00524823529411765
880,0.0160362745098039
881,0.0104964705882353
882,0.0728921568627451
883,0.0262411764705882
884,0.0162792483660131
885,0.00692475490196078
886,0.0721632352941177
887,0.0444642156862745
888,0.0462865196078431
889,0.0677897058823529
890,0.0504413725490196
891,0.0271158823529412
892,0.0717987745098039
893,0.0583137254901961
894,0.0370292156862745
895,0.0433708333333333
896,0.0269700980392157
897,0.00524823529411765
898,0.101684558823529
899,0.0956345098039216
900,0.0516076470588235
901,0.0586052941176471
902,0.0828054901960784
903,0.0645095588235294
904,0.0677897058823529
905,0.00933019607843137
906,0.0107880392156863
907,0.0240544117647059
908,0.0174941176470588
909,0.000728921568627451
910,0.114294901960784
911,0.0374179738562092
912,0.0592856209150327
913,0.109046666666667
914,0.0716772875816993
915,0.0233254901960784
916,0.139588480392157
917,0.0507329411764706
918,0.0288652941176471
919,0.014578431372549
920,0.0459220588235294
921,0.0024297385620915
922,0.0728921568627451
923,0.0629788235294118
924,0.014286862745098
925,0.092087091503268
926,0.0404551470588235
927,0.0230339215686275
928,0.04461
929,0.0257552287581699
930,0.0690045751633987
931,0.107588823529412
932,0.0864292717086835
933,0.059771568627451
934,0.101320098039216
935,0.00534542483660131
936,0.00607434640522876
937,0.0136065359477124
938,0.034016339869281
939,0.0383898692810457
940,0.0228395424836601
941,0.0680326797385621
942,0.000874705882352941
943,0.0921356862745098
944,0.0615938725490196
945,0.015161568627451
946,0.112253921568627
947,0.0123916666666667
948,0.0708511764705882
949,0.00728921568627451
950,0.00466509803921569
951,0.0355713725490196
952,0.014578431372549
953,0.0852838235294118
954,0.0696120098039216
955,0.102340588235294
956,0.0641450980392157
957,0.0590426470588235
958,0.0139952941176471
959,0.0524823529411765
960,0.0299174765558397
961,0.0672430147058823
962,0.113711764705882
963,0.0137037254901961
964,0.118085294117647
965,0.00874705882352941
966,0.0688101960784314
967,0.0903862745098039
968,0.041184068627451
969,0.0338948529411765
970,0.0761723039215686
971,0.10045233426704
972,0.0750789215686274
973,0.00874705882352941
974,0.0119057189542484
975,0.0478172549019608
976,0.07435
977,0.00856482843137255
978,0.0404551470588235
979,0.000583137254901961
980,0.0739855392156863
981,0.115169607843137
982,0.0473799019607843
983,0.0169109803921569
984,0.035474183006536
985,0.0384870588235294
986,0.0244188725490196
987,0.0338219607843137
988,0.0470154411764706
989,0.0590426470588235
990,0.0592248774509804
991,0.00400906862745098
992,0.00801813725490196
993,0.0267878676470588
994,0.0126346405228758
995,0.0379039215686274
996,0.0236170588235294
997,0.0204098039215686
998,0.0230339215686275
999,0.00218676470588235
1000,0.0330444444444444
1001,0.0102049019607843
1002,0.00364460784313725
1003,0.00787235294117647
1004,0.0360816176470588
1005,0.0204098039215686
1006,0.0680326797385621
1007,0.0660888888888889
1008,0.0806673202614379
1009,0.027952557544757
1010,0.0891714052287582
1011,0.0583137254901961
1012,0.0122458823529412
1013,0.00680326797385621
1014,0.0690045751633987
1015,0.00233254901960784
1016,0.0328014705882353
1017,0.00109338235294118
1018,0.0102049019607843
1019,0.00546691176470588
1020,0
1021,0.041184068627451
1022,0.0306147058823529
1023,0.0201182352941176
1024,0.0562727450980392
1025,0.0911151960784314
1026,0.0906398124467178
1027,0.00787235294117647
1028,0.00510245098039216
1029,0.0029156862745098
1030,0.0641450980392157
1031,0.0539401960784314
1032,0.0599104108309991
1033,0.0317080882352941
1034,0.0256944852941176
1035,0.0169109803921569
1036,0.0623227941176471
1037,0.0933019607843137
1038,0.0104964705882353
1039,0.07435
1040,0.0924272549019608
1041,0.0133635620915033
1042,0.0320725490196078
1043,0.0460678431372549
1044,0.0656029411764706
1045,0.00346237745098039
1046,0.0504413725490196
1047,0.0576164961636829
1048,0.0262411764705882
1049,0.00816392156862745
1050,0.0320725490196078
1051,0.0183688235294118
1052,0.0317809803921569
1053,0.0187089869281046
1054,0.0493584033613445
1055,0.0609378431372549
1056,0.0595893382352941
1057,0.0212845098039216
1058,0.0131205882352941
1059,0.0251477941176471
1060,0.0804729411764706
1061,0.0690045751633987
1062,0.00911151960784314
1063,0.0346237745098039
1064,0.0562854219948849
1065,0.0681541666666667
1066,0.0679354901960784
1067,0.0806673202614379
1068,0.0481088235294118
1069,0.0572203431372549
1070,0.0953429411764706
1071,0.0444642156862745
1072,0.0513160784313725
1073,0.0927188235294118
1074,0.0541831699346405
1075,0.00413055555555556
1076,0.0014578431372549
1077,0.0014578431372549
1078,0.0863043137254902
1079,0.0880537254901961
1080,0.0262411764705882
1081,0.00109338235294118
1082,0.0539401960784314
1083,0.0434437254901961
1084,0.0798169117647059
1085,0.0656029411764706
1086,0.0484732843137255
1087,0.0586781862745098
1088,0.058896862745098
1089,0.0535757352941176
1090,0.059771568627451
1091,0.0761723039215686
1092,0.014578431372549
1093,0.0179800653594771
1094,0.0271158823529412
1095,0.0345022875816993
1096,0.0222321078431373
1097,0.0586781862745098
1098,0.0349882352941176
1099,0.0180772549019608
1100,0.0186603921568627
1101,0.0275167892156863
1102,0.0361545098039216
1103,0.0238114379084967
1104,0.045193137254902
1105,0.0779946078431372
1106,0.0240544117647059
1107,0.0327063938618926
1108,0.0379039215686275
1109,0.0933019607843137
1110,0.0139952941176471
1111,0.0131205882352941
1112,0.0150643790849673
1113,0.0166194117647059
1114,0.0714343137254902
1115,0.0860127450980392
1116,0.0218676470588235
1117,0.0298857843137255
1118,0.0587996732026144
1119,0.0619583333333333
1120,0.0138495098039216
1121,0.0233254901960784
1122,0.00473799019607843
1123,0.00437352941176471
1124,0.0124957983193277
1125,0.00400906862745098
1126,0.0338948529411765
1127,0.0349882352941176
1128,0.053496504688832
1129,0.0912609803921569
1130,0.0794524509803922
1131,0.059771568627451
1132,0.0535757352941176
1133,0.093787908496732
1134,0.0298857843137255
1135,0.0404551470588235
1136,0.0426419117647059
1137,0.0166194117647059
1138,0.0608649509803922
1139,0.0170081699346405
1140,0.0860127450980392
1141,0.0416943137254902
1142,0.0901433006535948
1143,0.0341135294117647
1144,0.0776301470588235
1145,0.0793483193277311
1146,0.0309791666666667
1147,0.0490807189542484
1148,0.093787908496732
1149,0.0767797385620915
1150,0.0907507352941176
1151,0.0404551470588235
1152,0.00524823529411765
1153,0.0704624183006536
1154,0.0799383986928105
1155,0.0157447058823529
1156,0.0212845098039216
1157,0.0364460784313725
1158,0.0342593137254902
1159,0.0464080065359477
1160,0.0868874509803922
1161,0.0879565359477124
1162,0.0415485294117647
1163,0.030031568627451
1164,0.0665748366013072
1165,0.0317809803921569
1166,0.00413055555555556
1167,0.00553980392156863
1168,0.0666963235294118
1169,0.108171960784314
1170,0.000364460784313726
1171,0.0610211484593838
1172,0.0836801960784314
1173,0.045193137254902
1174,0.0419129901960784
1175,0.103749836601307
1176,0.0434437254901961
1177,0.0541831699346405
1178,0.0620534100596761
1179,0.0714343137254902
1180,0.0583137254901961
1181,0.059771568627451
1182,0.0681541666666667
1183,0.0758078431372549
1184,0.0247833333333333
1185,0.0415485294117647
1186,0.0160362745098039
1187,0.0769012254901961
1188,0.063780637254902
1189,0.0478172549019608
1190,0.0034016339869281
1191,0.0164007352941176
1192,0.0612294117647059
1193,0.0619583333333333
1194,0.0119543137254902
1195,0.0933019607843137
1196,0.0417915032679739
1197,0.0957316993464052
1198,0.0677897058823529
1199,0.0287924019607843
1200,0.0154895833333333
1201,0.0720174509803922
1202,0.0589385154061625
1203,0.0189519607843137
1204,0.0747144607843137
1205,0.0609378431372549
1206,0.0612294117647059
1207,0.0259876385336743
1208,0.0442212418300654
1209,0.00364460784313726
1210,0.0325584967320261
1211,0.00874705882352941
1212,0.060063137254902
1213,0.0900218137254902
1214,0.0734752941176471
1215,0.00892928921568627
1216,0.0456790849673203
1217,0.0571474509803922
1218,0.0024297385620915
1219,0.0461650326797386
1220,0.0317080882352941
1221,0.00182230392156863
1222,0.0664776470588235
1223,0.0862557189542484
1224,0.0244188725490196
1225,0.0733781045751634
1226,0.10593660130719
1227,0.0892928921568627
1228,0.00903862745098039
1229,0.0102049019607843
1230,0.00903862745098039
1231,0.0116627450980392
1232,0.0131205882352941
1233,0.000728921568627451
1234,0.0828540849673203
1235,0.0556896078431373
1236,0.0468332107843137
1237,0.088345294117647
1238,0.0282821568627451
1239,0.0674252450980392
1240,0.141410784313726
1241,0.118668431372549
1242,0.0797376811594203
1243,0.0386328431372549
1244,0.0302502450980392
1245,0.0112982843137255
1246,0.0933019607843137
1247,0.0896573529411765
1248,0.0615209803921569
1249,0.096946568627451
1250,0.0351704656862745
1251,0.0320725490196078
1252,0.074058431372549
1253,0.0962176470588235
1254,0.0623227941176471
1255,0.0857697712418301
1256,0.0850408496732026
1257,0.0690045751633987
1258,0.0375394607843137
1259,0.0857697712418301
1260,0.0755162745098039
1261,0.00933019607843137
1262,0.0705596078431373
1263,0.0629788235294118
1264,0.0860127450980392
1265,0.051649299719888
1266,0.0721632352941177
1267,0.0109338235294118
1268,0.0459220588235294
1269,0.0170081699346405
1270,0.0661860784313726
1271,0.0860127450980392
1272,0.0763909803921569
1273,0.0113711764705882
1274,0.0165222222222222
1275,0.0150643790849673
1276,0.0821251633986928
1277,0.0805458333333333
1278,0.0801813725490196
1279,0.0539401960784314
1280,0.0720174509803922
1281,0.0787235294117647
1282,0.100882745098039
1283,0.0562727450980392
1284,0.0608649509803922
1285,0.0525457374254049
1286,0.0731837254901961
1287,0.0559811764705882
1288,0.0433708333333333
1289,0.093787908496732
1290,0.0673037581699347
1291,0.0553980392156863
1292,0.0847978758169935
1293,0.079209477124183
1294,0.0674252450980392
1295,0.112837058823529
1296,0.107394444444444
1297,0.0102049019607843
1298,0.0293998366013072
1299,0.0495666666666667
1300,0.0991333333333333
1301,0.0532112745098039
1302,0.0714343137254902
1303,0.0916011437908497
1304,0.0311613970588235
1305,0.0772656862745098
1306,0.108852287581699
1307,0.0710698529411765
1308,0.0199238562091503
1309,0.110796078431373
1310,0.061472385620915
1311,0.0971895424836601
1312,0.116141503267974
1313,0.0680326797385621
1314,0.0652384803921569
1315,0.0198266666666667
1316,0.0779946078431373
1317,0.00495666666666667
1318,0.0855267973856209
1319,0.0184660130718954
1320,0.0313436274509804
1321,0.0673523529411765
1322,0.0252692810457516
1323,0.0437352941176471
1324,0.0976754901960784
1325,0.0207013725490196
1326,0.00996192810457516
1327,0.014578431372549
1328,0.0106908496732026
1329,0.00116627450980392
1330,0.103871323529412
1331,0.0869846405228758
1332,0.0528468137254902
1333,0.0962176470588235
1334,0.0666963235294118
1335,0.0665748366013072
1336,0.098647385620915
1337,0.0177856862745098
1338,0.00349882352941176
1339,0.017737091503268
1340,0.0165222222222222
1341,0.00218676470588235
1342,0.102049019607843
1343,0.0398477124183007
1344,0.0776301470588235
1345,0.106422549019608
1346,0.0918441176470588
1347,0.0491501400560224
1348,0.0965092156862745
1349,0.101757450980392
1350,0.0836801960784314
1351,0.104235784313726
1352,0.00911151960784314
1353,0.0320725490196078
1354,0.0622013071895425
1355,0.0515104575163399
1356,0.0767797385620915
1357,0.100882745098039
1358,0.00364460784313726
1359,0.0916011437908497
1360,0.092087091503268
1361,0.0769012254901961
1362,0.0267271241830065
1363,0.113225816993464
1364,0.0830970588235294
1365,0.050052614379085
1366,0.116627450980392
1367,0.0769741176470588
1368,0.0408196078431373
1369,0.0702680392156863
1370,0.107297254901961
1371,0.0346237745098039
1372,0.0950513725490196
1373,0.0790706349206349
1374,0.00553980392156863
1375,0.116919019607843
1376,0.104964705882353
1377,0.0507329411764706
1378,0.0847978758169935
1379,0.0850408496732026
1380,0.0630517156862745
1381,0.0218676470588235
1382,0.0116627450980392
1383,0.051753431372549
1384,0.102534967320261
1385,0.112010947712418
1386,0.0412361344537815
1387,0.101757450980392
1388,0.0138495098039216
1389,0.0603547058823529
1390,0.0835830065359477
1391,0.0405766339869281
1392,0.0862557189542484
1393,0.120417843137255
1394,0.0940308823529412
1395,0.0813476470588235
1396,0.054912091503268
1397,0.0940308823529412
1398,0.0440997549019608
1399,0.0980399509803921
1400,0.0109338235294118
1401,0.0551064705882353
1402,0.112253921568627
1403,0.0886854575163399
1404,0.0726005882352941
1405,0.0464080065359477
1406,0.0106908496732026
1407,0.0306147058823529
1408,0.120515032679739
1409,0.0125374509803922
1410,0.0565643137254902
1411,0.0812747549019608
1412,0.012877614379085
1413,0.0845549019607843
1414,0.0498582352941176
1415,0.0766825490196078
1416,0.0502955882352941
1417,0.0950513725490196
1418,0.0585566993464052
1419,0.0901433006535948
1420,0.074058431372549
1421,0.0652384803921569
1422,0.034016339869281
1423,0.0379039215686275
1424,0.0174941176470588
1425,0.00466509803921569
1426,0.0376609477124183
1427,0.0638535294117647
1428,0.076050816993464
1429,0.0891106617647059
1430,0.0120272058823529
1431,0.00765367647058823
1432,0.0400906862745098
1433,0.0881995098039216
1434,0.0257552287581699
1435,0.00656029411764706
1436,0.0276990196078431
1437,0.0019437908496732
1438,0.108921708683473
1439,0.0612294117647059
1440,0.0699764705882353
1441,0.0830970588235294
1442,0.00553980392156863
1443,0.0601360294117647
1444,0.00182230392156863
1445,0.00408196078431373
1446,0.0107880392156863
1447,0.00826111111111111
1448,0.00255122549019608
1449,0.0014578431372549
1450,0.0641450980392157
1451,0.0609517273576097
1452,0.0410625816993464
1453,0.0996192810457516
1454,0.0478172549019608
1455,0.0725276960784314
1456,0.0024297385620915
1457,0.0574390196078431
1458,0.000364460784313726
1459,0.0276990196078431
1460,0.0207742647058824
1461,0.0228395424836601
1462,0.0250749019607843
1463,0.0671302054154995
1464,0.0233254901960784
1465,0.100834150326797
1466,0.0623227941176471
1467,0.045193137254902
1468,0.0947598039215686
1469,0.0782375816993464
1470,0.0725276960784314
1471,0.0851380392156863
1472,0.0648740196078431
1473,0.0864986928104575
1474,0.044318431372549
1475,0.0379039215686275
1476,0.0306147058823529
1477,0.0871790196078431
1478,0.0257552287581699
1479,0.0710698529411765
1480,0.0551064705882353
1481,0.0247833333333333
1482,0.0174941176470588
1483,0.0472341176470588
1484,0.0816392156862745
1485,0.0545233333333333
1486,0.088636862745098
1487,0.0396533333333333
1488,0.00182230392156863
1489,0.0422774509803922
1490,0.00218676470588235
1491,0.000971895424836601
1492,0.00473799019607843
1493,0.0892928921568628
1494,0.0723090196078431
1495,0.0553980392156863
1496,0.042034477124183
1497,0.0580707516339869
1498,0.0218676470588235
1499,0.0478658496732026
1500,0.0335303921568627
1501,0.117599346405229
1502,0.0601360294117647
1503,0.0562727450980392
1504,0.0172511437908497
1505,0.0364460784313725
1506,0.0845549019607843
1507,0.0719202614379085
1508,0.0160362745098039
1509,0.00641450980392157
1510,0.0736210784313726
1511,0.0767797385620915
1512,0.0648740196078431
1513,0.0513160784313725
1514,0.0264841503267974
1515,0.0118710084033613
1516,0.106058088235294
1517,0.0942738562091503
1518,0.0648740196078431
1519,0.112253921568627
1520,0.064631045751634
1521,0.107588823529412
1522,0.100591176470588
1523,0.0636591503267974
1524,0.0102049019607843
1525,0.0692475490196078
1526,0.082368137254902
1527,0.072683893557423
1528,0.0796954248366013
1529,0.0499311274509804
1530,0.0626872549019608
1531,0.0344050980392157
1532,0.0439782679738562
1533,0.0486919607843137
1534,0.0372066922421142
1535,0.0629302287581699
1536,0.0527253267973856
1537,0.0140924836601307
1538,0.0422774509803922
1539,0.0735863678804855
1540,0.0562727450980392
1541,0.0142139705882353
1542,0.0314894117647059
1543,0.0137037254901961
1544,0.00583137254901961
1545,0.0306147058823529
1546,0.0532112745098039
1547,0.0495666666666667
1548,0.0721632352941176
1549,0.101806045751634
1550,0.0659674019607843
1551,0.0608649509803922
1552,0.050052614379085
1553,0.0014578431372549
1554,0.0244188725490196
1555,0.0295213235294118
1556,0.0123916666666667
1557,0.00413055555555556
1558,0.0714343137254902
1559,0.0543046568627451
1560,0.0803081415174765
1561,0.0370292156862745
1562,0.0368105392156863
1563,0.0524823529411765
1564,0.101806045751634
1565,0.0608649509803922
1566,0.0943953431372549
1567,0.0389973039215686
1568,0.0209929411764706
1569,0.0240544117647059
1570,0.0976754901960784
1571,0.0605004901960784
1572,0.059771568627451
1573,0.104478758169935
1574,0.0461650326797386
1575,0.0505385620915033
1576,0.0988903594771242
1577,0.0903862745098039
1578,0.00962176470588235
1579,0.128581764705882
1580,0.0364460784313725
1581,0.00947598039215686
1582,0.075877264239029
1583,0.0335303921568627
1584,0.0880537254901961
1585,0.0533570588235294
1586,0.0323641176470588
1587,0.0411111764705882
1588,0.0656029411764706
1589,0.0545233333333333
1590,0.0196808823529412
1591,0.087227614379085
1592,0.0422774509803922
1593,0.0612294117647059
1594,0.104673137254902
1595,0.0332388235294118
1596,0.0688101960784314
1597,0.0347452614379085
1598,0.00874705882352941
1599,0.0136065359477124
1600,0.077508660130719
1601,0.0481088235294118
1602,0.0170081699346405
1603,0.0845549019607843
1604,0.0685186274509804
1605,0.0674078898225957
1606,0.0157447058823529
1607,0.0641450980392157
1608,0.0619583333333333
1609,0.134850490196078
1610,0.0993763071895425
1611,0.0724484654731458
1612,0.0991333333333333
1613,0.0867416666666667
1614,0.114683660130719
1615,0.0798169117647059
1616,0.0510245098039216
1617,0.0338948529411765
1618,0.0857211764705882
1619,0.070340931372549
1620,0.0868874509803922
1621,0.0268243137254902
1622,0.0126346405228758
1623,0.00765367647058823
1624,0.0809102941176471
1625,0.0962176470588235
1626,0.0238114379084967
1627,0.0981614379084967
1628,0.0298857843137255
1629,0.0709483660130719
1630,0.0448286764705882
1631,0.0269700980392157
1632,0.0806673202614379
1633,0.112739869281046
1634,0.0806673202614379
1635,0.0648740196078431
1636,0.0150643790849673
1637,0.0267271241830065
1638,0.0622013071895425
1639,0.0268243137254902
1640,0.0362031045751634
1641,0.0172025490196078
1642,0.0276990196078431
1643,0.0190908029878618
1644,0.00255122549019608
1645,0.0388150735294118
1646,0.0150643790849673
1647,0.0489835294117647
1648,0.0368105392156863
1649,0.051753431372549
1650,0.045193137254902
1651,0.0029156862745098
1652,0.0134850490196078
1653,0.0330444444444444
1654,0.0466509803921569
1655,0.0731351307189543
1656,0.0131205882352941
1657,0.0126346405228758
1658,0.0469425490196078
1659,0.0534542483660131
1660,0.00874705882352941
1661,0.0113711764705882
1662,0.0262411764705882
1663,0.00641450980392157
1664,0.029156862745098
1665,0.022596568627451
1666,0.045193137254902
1667,0.0218676470588235
1668,0.0029156862745098
1669,0.0568558823529412
1670,0.00801813725490196
1671,0.037175
1672,0.0949420343137255
1673,0.066331862745098
1674,0.0603547058823529
1675,0.015453137254902
1676,0.00728921568627451
1677,0.0284279411764706
1678,0.0379039215686275
1679,0.0384870588235294
1680,0.0367376470588235
1681,0.00933019607843137
1682,0.0622013071895425
1683,0.0218676470588235
1684,0.0949420343137255
1685,0.0521178921568627
1686,0.0373207843137255
1687,0.115461176470588
1688,0.0594071078431373
1689,0.0440997549019608
1690,0.0626872549019608
1691,0.066331862745098
1692,0.050052614379085
1693,0.0459220588235294
1694,0.00400906862745098
1695,0.0387786274509804
1696,0.0437352941176471
1697,0.0357171568627451
1698,0.0174941176470588
1699,0.0120272058823529
1700,0.0253664705882353
1701,0.0337733660130719
1702,0.014578431372549
1703,0.0483517973856209
1704,0.0685186274509804
1705,0.0182230392156863
1706,0.0221106209150327
1707,0.00461650326797386
1708,0.0710698529411765
1709,0.0180772549019608
1710,0.0673037581699346
1711,0.0296428104575163
1712,0.0516076470588235
1713,0.0546691176470588
1714,0.0400906862745098
1715,0.0484003921568627
1716,0.0460678431372549
1717,0.0014578431372549
1718,0.0726005882352941
1719,0.0515104575163399
1720,0.0874705882352941
1721,0.0827325980392157
1722,0.0352798039215686
1723,0.0386011508951407
1724,0.0605004901960784
1725,0.0202275735294118
1726,0.0510245098039216
1727,0.0102049019607843
1728,0.00929375
1729,0.00911151960784314
1730,0.0603547058823529
1731,0.0302502450980392
1732,0.104381568627451
1733,0.104964705882353
1734,0.100299607843137
1735,0.0923300653594771
1736,0.0329472549019608
1737,0.0309791666666667
1738,0.0102049019607843
1739,0.114003333333333
1740,0.0623227941176471
1741,0.105207679738562
1742,0.0944682352941177
1743,0.0539401960784314
1744,0.0949420343137255
1745,0.0930589869281046
1746,0.0492750980392157
1747,0.0136672794117647
1748,0.0362031045751634
1749,0.0396533333333333
1750,0.0160362745098039
1751,0.0801813725490196
1752,0.10569362745098
1753,0.0539401960784314
1754,0.022596568627451
1755,0.0564914215686274
1756,0.0524823529411765
1757,0.0794524509803922
1758,0.0912609803921569
1759,0.0411365302642796
1760,0.0121486928104575
1761,0.0211387254901961
1762,0.0510245098039216
1763,0.121365441176471
1764,0.0574390196078431
1765,0.0772656862745098
1766,0.108755098039216
1767,0.0568558823529412
1768,0.00631732026143791
1769,0.0367376470588235
1770,0.00473799019607843
1771,0.00680326797385621
1772,0.0216593837535014
1773,0.0193164215686275
1774,0.061472385620915
1775,0.0907507352941176
1776,0.089803137254902
1777,0.0478172549019608
1778,0.0944682352941177
1779,0.0772656862745098
1780,0.0201182352941176
1781,0.0967035947712418
1782,0.0182230392156863
1783,0.0736210784313726
1784,0.044901568627451
1785,0.00619583333333333
1786,0.044318431372549
1787,0.128654656862745
1788,0.0545233333333333
1789,0.0449501633986928
1790,0.05948
1791,0.0215031862745098
1792,0.0783070028011205
1793,0.107333700980392
1794,0.110310130718954
1795,0.0170775910364146
1796,0.029156862745098
1797,0.0262411764705882
1798,0.0782375816993464
1799,0.0941766666666667
1800,0.0427633986928105
1801,0.082368137254902
1802,0.0864986928104575
1803,0.0287924019607843
1804,0.0944682352941176
1805,0.110310130718954
1806,0.00692475490196078
1807,0.0262411764705882
1808,0.10302091503268
1809,0.0029156862745098
1810,0.102291993464052
1811,0.100591176470588
1812,0.0140924836601307
1813,0.0163278431372549
1814,0.0131205882352941
1815,0.0349882352941176
1816,0.0548513480392157
1817,0.134121568627451
1818,0.0165222222222222
1819,0.0881995098039216
1820,0.10010522875817
1821,0.0440997549019608
1822,0.0224507843137255
1823,0.0801813725490196
1824,0.0763909803921569
1825,0.0485947712418301
1826,0.0877621568627451
1827,0.0551064705882353
1828,0.014578431372549
1829,0.101757450980392
1830,0.107151470588235
1831,0.0798898039215686
1832,0.0476228758169935
1833,0.0345022875816993
1834,0.122094362745098
1835,0.103215294117647
1836,0.112878711484594
1837,0.0244030264279625
1838,0.0160362745098039
1839,0.0267271241830065
1840,0.0769741176470588
1841,0.0769880018674136
1842,0.0556896078431373
1843,0.0116627450980392
1844,0.108244852941176
1845,0.0592856209150327
1846,0.0561269607843137
1847,0.109702696078431
1848,0.0707053921568628
1849,0.0650198039215686
1850,0.0925730392156863
1851,0.0238114379084967
1852,0.0845549019607843
1853,0.0413055555555556
1854,0.0704624183006536
1855,0.0245750700280112
1856,0.0134850490196078
1857,0.0127561274509804
1858,0.060063137254902
1859,0.0444642156862745
1860,0.0769012254901961
1861,0.0238114379084967
1862,0.00174941176470588
1863,0.0433708333333333
1864,0.0603547058823529
1865,0.0134850490196078
1866,0.00692475490196078
1867,0.00680326797385621
1868,0.0139952941176471
1869,0.00461650326797386
1870,0.0484732843137255
1871,0.0513160784313725
1872,0.0352798039215686
1873,0.0645095588235294
1874,0.0674252450980392
1875,0.00612294117647059
1876,0.00485947712418301
1877,0.000874705882352941
1878,0.00182230392156863
1879,0.00763632119514472
1880,0.00826111111111111
1881,0.0014578431372549
1882,0.0393617647058824
1883,0.0848464705882353
1884,0.0641450980392157
1885,0.0471369281045752
1886,0.00923300653594771
1887,0.0399449019607843
1888,0.0903862745098039
1889,0.0755162745098039
1890,0.0539401960784314
1891,0.0109338235294118
1892,0.0121064364876385
1893,0.00728921568627451
1894,0.0690045751633987
1895,0.0556410130718954
1896,0.0501498039215686
1897,0.0212845098039216
1898,0.00182230392156863
1899,0.0238114379084967
1900,0.0725276960784314
1901,0.0276990196078431
1902,0.0530654901960784
1903,0.0884424836601307
1904,0.0415485294117647
1905,0.0839717647058823
1906,0.0366890522875817
1907,0.0288652941176471
1908,0.00845549019607843
1909,0.00601360294117647
1910,0.0539401960784314
1911,0.0563699346405229
1912,0.0437352941176471
1913,0.0230339215686275
1914,0.0510245098039216
1915,0.00971895424836601
1916,0.0481088235294118
1917,0.0179800653594771
1918,0.00962176470588235
1919,0.0481088235294118
1920,0.0111767973856209
1921,0.0473799019607843
1922,0.0338948529411765
1923,0.00984044117647059
1924,0.0809102941176471
1925,0.0623069479965899
1926,0.0530654901960784
1927,0.00364460784313725
1928,0.0647789428815004
1929,0.0658945098039216
1930,0.0471369281045752
1931,0.0393617647058824
1932,0.0578277777777778
1933,0.0495666666666667
1934,0.00473799019607843
1935,0.0551550653594771
1936,0.0830970588235294
1937,0.0575848039215686
1938,0.0607434640522876
1939,0.05948
1940,0.0029156862745098
1941,0.000583137254901961
1942,0.084919362745098
1943,0.109338235294118
1944,0.0136065359477124
1945,0.0323641176470588
1946,0.0379039215686275
1947,0.0364460784313725
1948,0.0731351307189542
1949,0.0562727450980392
1950,0.0127561274509804
1951,0.0440997549019608
1952,0.0954887254901961
1953,0.0804243464052288
1954,0.061047181372549
1955,0.0463594117647059
1956,0.0586781862745098
1957,0.0793066666666667
1958,0.0345022875816993
1959,0.0427633986928105
1960,0.0301287581699346
1961,0.0623956862745098
1962,0.0113711764705882
1963,0.0163278431372549
1964,0.0442212418300654
1965,0.0170081699346405
1966,0.0530654901960784
1967,0.0415485294117647
1968,0.0726491830065359
1969,0.00777516339869281
1970,0.0014578431372549
1971,0.0574390196078431
1972,0.034016339869281
1973,0.00255122549019608
1974,0.0346411297852474
1975,0.029448431372549
1976,0.00923300653594771
1977,0.0222321078431373
1978,0.0360816176470588
1979,0.0804729411764706
1980,0.0755162745098039
1981,0.0612294117647059
1982,0.0699764705882353
1983,0.0762937908496732
1984,0.0422774509803922
1985,0.0314894117647059
1986,0.0184660130718954
1987,0.026605637254902
1988,0.0029156862745098
1989,0.0259496078431373
1990,0.019437908496732
1991,0.0708511764705882
1992,0.0628694852941176
1993,0.0574390196078431
1994,0.0306147058823529
1995,0.0301287581699346
1996,0.0776459931798806
1997,0.084919362745098
1998,0.0632703921568627
1999,0.00728921568627451
2000,0.00692475490196078
2001,0.0338219607843137
2002,0.0801813725490196
2003,0.0573418300653595
2004,0.0431521568627451
2005,0.0470154411764706
2006,0.0335303921568627
2007,0.0493236928104575
2008,0.064631045751634
2009,0.0462865196078431
2010,0.0991333333333333
2011,0.111379215686275
2012,0.0024297385620915
2013,0.0349882352941176
2014,0.0530654901960784
2015,0.088928431372549
2016,0.0240544117647059
2017,0.0614829497016198
2018,0.0109338235294118
2019,0.0639021241830065
2020,0.0556410130718954
2021,0.0495666666666667
2022,0.0466509803921569
2023,0.0157447058823529
2024,0.0801813725490196
2025,0.0571474509803922
2026,0.0622013071895425
2027,0.0476228758169935
2028,0.0733781045751634
2029,0.00364460784313726
2030,0.0413055555555556
2031,0.00947598039215686
2032,0.0767797385620915
2033,0.042034477124183
2034,0.0608649509803922
2035,0.0276990196078431
2036,0.0652384803921569
2037,0.0495666666666667
2038,0.00656029411764706
2039,0.029156862745098
2040,0.037175
2041,0.0979670588235294
2042,0.0244188725490196
2043,0.0116627450980392
2044,0.0968007843137255
2045,0.0997164705882353
2046,0.0660888888888889
2047,0.0449501633986928
2048,0.015161568627451
2049,0.00692475490196078
2050,0.0785152661064426
2051,0.0721632352941176
2052,0.0495666666666667
2053,0.0267878676470588
2054,0.0550335784313725
2055,0.0196808823529412
2056,0.00923300653594771
2057,0.103506862745098
2058,0.0381468954248366
2059,0.0590426470588235
2060,0.0772656862745098
2061,0.0580221568627451
2062,0.0782375816993464
2063,0.0656029411764706
2064,0.0670607843137255
2065,0.0573418300653595
2066,0.0834615196078431
2067,0.0568558823529412
2068,0.0585566993464052
2069,0.0492750980392157
2070,0.0543046568627451
2071,0.0665748366013072
2072,0.0758078431372549
2073,0.030031568627451
2074,0.0761723039215686
2075,0.0941766666666667
2076,0.0502955882352941
2077,0.0163278431372549
2078,0.0227423529411765
2079,0.0563091911764706
2080,0.0379039215686275
2081,0.0556896078431372
2082,0.0156718137254902
2083,0.00320725490196078
2084,0.0366890522875817
2085,0.00899003267973856
2086,0.088928431372549
2087,0.0805978991596639
2088,0.0765367647058823
2089,0.0362638480392157
2090,0.0793066666666667
2091,0.0157447058823529
2092,0.0029156862745098
2093,0.0702680392156863
2094,0.0208957516339869
2095,0.00680326797385621
2096,0.0034016339869281
2097,0.0172025490196078
2098,0.0396047385620915
2099,0.07435
2100,0.0122458823529412
2101,0.0720174509803922
2102,0.131205882352941
2103,0.0449501633986928
2104,0.0907507352941176
2105,0.0847631652661064
2106,0.07435
2107,0.0127561274509804
2108,0.0318295751633987
2109,0.032315522875817
2110,0.0798898039215686
2111,0.0532112745098039
2112,0.0505385620915033
2113,0.0440997549019608
2114,0.0460678431372549
2115,0.0233254901960784
2116,0.0586781862745098
2117,0.09013273657289
2118,0.0498582352941176
2119,0.0688830882352941
2120,0.0471369281045752
2121,0.115752745098039
2122,0.0461650326797386
2123,0.0954887254901961
2124,0.059771568627451
2125,0.00485947712418301
2126,0.074933137254902
2127,0.0344177749360614
2128,0.0384870588235294
2129,0.0521178921568627
2130,0.0765367647058824
2131,0.0841904411764706
2132,0.0828540849673203
2133,0.0346237745098039
2134,0.037175
2135,0.0710698529411765
2136,0.0448286764705882
2137,0.0296428104575163
2138,0.0221592156862745
2139,0.0262411764705882
2140,0.0794524509803922
2141,0.0128290196078431
2142,0.0311978431372549
2143,0.0874705882352941
2144,0.0704624183006536
2145,0.0462865196078431
2146,0.0218676470588235
2147,0.0864986928104575
2148,0.0279419934640523
2149,0.123552205882353
2150,0.0690045751633987
2151,0.0204098039215686
2152,0.0612294117647059
2153,0.10569362745098
2154,0.0550335784313725
2155,0.0563699346405229
2156,0.0315866013071895
2157,0.00233254901960784
2158,0.0900693520886616
2159,0.0991333333333333
2160,0.0430063725490196
2161,0.0287924019607843
2162,0.0724062091503268
2163,0.0183688235294118
2164,0.0242001960784314
2165,0.0894751225490196
2166,0.0265327450980392
2167,0.074058431372549
2168,0.109338235294118
2169,0.0557625
2170,0.0296428104575163
2171,0.0585566993464052
2172,0.0413662990196078
2173,0.0402364705882353
2174,0.0908722222222222
2175,0.0867416666666667
2176,0.0658945098039216
2177,0.0822223529411765
2178,0.066331862745098
2179,0.0551550653594771
2180,0.030323137254902
2181,0.0215760784313725
2182,0.0685186274509804
2183,0.0811532679738562
2184,0.0427633986928104
2185,0.0174941176470588
2186,0.0492750980392157
2187,0.0119543137254902
2188,0.0481088235294118
2189,0.0195350980392157
2190,0.0177856862745098
2191,0.0166194117647059
2192,0.0365154995331466
2193,0.00991333333333333
2194,0.045193137254902
2195,0.0891714052287582
2196,0.0755162745098039
2197,0.0116627450980392
2198,0.00816392156862745
2199,0.0612294117647059
2200,0.0228395424836601
2201,0.00874705882352941
2202,0.00461650326797386
2203,0.00787235294117647
2204,0.00903862745098039
2205,0.0111767973856209
2206,0.074058431372549
2207,0.0618125490196078
2208,0.064631045751634
2209,0.0390701960784314
2210,0.0863043137254902
2211,0.0801813725490196
2212,0.0883452941176471
2213,0.0896573529411765
2214,0.0635619607843137
2215,0.0119057189542484
2216,0.0136065359477124
2217,0.0335303921568627
2218,0.0762937908496732
2219,0.0568558823529412
2220,0.0281849673202614
2221,0.0133635620915033
2222,0.00400906862745098
2223,0.0415485294117647
2224,0.0405280392156863
2225,0.0490807189542484
2226,0.0223535947712418
2227,0.0867416666666667
2228,0.0896573529411765
2229,0.0400906862745098
2230,0.0685186274509804
2231,0.0439782679738562
2232,0.042034477124183
2233,0.0134850490196078
2234,0.0692475490196078
2235,0.0272130718954248
2236,0.0548149019607843
2237,0.0892928921568627
2238,0.0583137254901961
2239,0.0411111764705882
2240,0.0267271241830065
2241,0.0157933006535948
2242,0.0469425490196078
2243,0.0400906862745098
2244,0.0834615196078431
2245,0.0134121568627451
2246,0.022596568627451
2247,0.0323641176470588
2248,0.0621041176470588
2249,0.0950513725490196
2250,0.0484732843137255
2251,0.059771568627451
2252,0.104235784313726
2253,0.0830970588235294
2254,0.0114197712418301
2255,0.0222321078431373
2256,0.0721632352941177
2257,0.0860127450980392
2258,0.0894143790849673
2259,0.051753431372549
2260,0.0626872549019608
2261,0.0668178104575163
2262,0.0150643790849673
2263,0.0526091219096334
2264,0.0393617647058824
2265,0.024297385620915
2266,0.101320098039216
2267,0.0714343137254902
2268,0.0661860784313725
2269,0.0386328431372549
2270,0.00174941176470588
2271,0.00510245098039216
2272,0.0830970588235294
2273,0.0635619607843137
2274,0.0247833333333333
2275,0.115898529411765
2276,0.0134121568627451
2277,0.120937595907928
2278,0.106422549019608
2279,0.0612927962489344
2280,0.0864986928104575
2281,0.10569362745098
2282,0.0221106209150327
2283,0.0461650326797386
2284,0.0841904411764706
2285,0.0466509803921569
2286,0.0798169117647059
2287,0.0739855392156863
2288,0.0354047619047619
2289,0.0329472549019608
2290,0.0296428104575163
2291,0.0368105392156863
2292,0.0677897058823529
2293,0.0699764705882353
2294,0.05948
2295,0.0416943137254902
2296,0.0720174509803922
2297,0.0191341911764706
2298,0.100591176470588
2299,0.0864986928104575
2300,0.000485947712418301
2301,0.00510245098039216
2302,0.0481088235294118
2303,0.0664776470588235
2304,0.0822223529411765
2305,0.0355713725490196
2306,0.00984044117647059
2307,0.0131205882352941
2308,0.019437908496732
2309,0.00400906862745098
2310,0.00874705882352941
2311,0.0166610644257703
2312,0.00388758169934641
2313,0.00631732026143791
2314,0.0632703921568627
2315,0.0208957516339869
2316,0.0024297385620915
2317,0.0271158823529412
2318,0.0344050980392157
2319,0.0784319607843137
2320,0.115169607843137
2321,0.0914796568627451
2322,0.0603547058823529
2323,0.0131205882352941
2324,0.00437352941176471
2325,0.0586781862745098
2326,0.0425204248366013
2327,0.0240544117647059
2328,0.0510245098039216
2329,0.0170081699346405
2330,0.0557625
2331,0.033165931372549
2332,0.077508660130719
2333,0.0760994117647059
2334,0.109046666666667
2335,0.131205882352941
2336,0.0738640522875817
2337,0.103798431372549
2338,0.0502955882352941
2339,0.0346966666666667
2340,0.0417915032679739
2341,0.0391795343137255
2342,0.00728921568627451
2343,0.0524823529411765
2344,0.0236899509803922
2345,0.0652384803921569
2346,0.0179800653594771
2347,0.0900218137254902
2348,0.0317809803921569
2349,0.0532112745098039
2350,0.0330444444444444
2351,0.0798169117647059
2352,0.0510245098039216
2353,0.0481088235294118
2354,0.0119057189542484
2355,0.0513889705882353
2356,0.115752745098039
2357,0.0612294117647059
2358,0.00218676470588235
2359,0.0699764705882353
2360,0.0198266666666667
2361,0.0798898039215686
2362,0.0696120098039216
2363,0.045193137254902
2364,0.0728921568627451
2365,0.112618382352941
2366,0.0535757352941177
2367,0.115169607843137
2368,0.0981614379084967
2369,0.0717814192343604
2370,0.112496895424837
2371,0.0239086274509804
2372,0.00758078431372549
2373,0.0751739982949702
2374,0.0681541666666667
2375,0.0428605882352941
2376,0.10860931372549
2377,0.00874705882352941
2378,0.0936664215686275
2379,0.0121486928104575
2380,0.0104964705882353
2381,0.0535757352941176
2382,0.111670784313725
2383,0.0696120098039216
2384,0.10593660130719
2385,0.0827325980392157
2386,0.0933019607843137
2387,0.103506862745098
2388,0.0233254901960784
2389,0.00903862745098039
2390,0.0659674019607843
2391,0.0668706308610401
2392,0.0653113725490196
2393,0.0891106617647059
2394,0.079209477124183
2395,0.0583137254901961
2396,0.0794524509803922
2397,0.0123916666666667
2398,0.0139952941176471
2399,0.0688830882352941
2400,0.0156718137254902
2401,0.0709483660130719
2402,0.00400906862745098
2403,0.0548149019607843
2404,0.0527253267973856
2405,0.044026862745098
2406,0.0147866946778711
2407,0.0564914215686275
2408,0.0892928921568627
2409,0.00437352941176471
2410,0.0660888888888889
2411,0.102049019607843
2412,0.0320725490196078
2413,0.0651169934640523
2414,0.074641568627451
2415,0.0828054901960784
2416,0.038875816993464
2417,0.0276990196078431
2418,0.0481088235294118
2419,0.00364460784313726
2420,0.00546691176470588
2421,0.00262411764705882
2422,0.0460678431372549
2423,0.0444959079283887
2424,0.029156862745098
2425,0.0139952941176471
2426,0.0338219607843137
2427,0.0515104575163399
2428,0.101077124183007
2429,0.0478658496732026
2430,0.0833886274509804
2431,0.015453137254902
2432,0.00838259803921569
2433,0.00619583333333333
2434,0.0645095588235294
2435,0.0758078431372549
2436,0.0674252450980392
2437,0.0608649509803922
2438,0.0353526960784314
2439,0.0121486928104575
2440,0.0338219607843137
2441,0.116919019607843
2442,0.0617153594771242
2443,0.0918441176470588
2444,0.123041960784314
2445,0.088636862745098
2446,0.0860127450980392
2447,0.0798898039215686
2448,0.0830970588235294
2449,0.029156862745098
2450,0.0174941176470588
2451,0.0382683823529412
2452,0.0014578431372549
2453,0.0874705882352941
2454,0.0616459383753501
2455,0.0386328431372549
2456,0.0899003267973856
2457,0.0116627450980392
2458,0.0357171568627451
2459,0.0974325163398693
2460,0.0335303921568628
2461,0.0185875
2462,0.0131205882352941
2463,0.0121486928104575
2464,0.0295213235294118
2465,0.0160362745098039
2466,0.0368105392156863
2467,0.059771568627451
2468,0.0670607843137255
2469,0.0690045751633987
2470,0.0679354901960784
2471,0.0772656862745098
2472,0.0925730392156863
2473,0.0857211764705882
2474,0.0855267973856209
2475,0.0257552287581699
2476,0.0677897058823529
2477,0.0238114379084967
2478,0.102340588235294
2479,0.0484003921568627
2480,0.0765020541549953
2481,0.0247833333333333
2482,0.0901433006535948
2483,0.115898529411765
2484,0.0812747549019608
2485,0.0200453431372549
2486,0.05948
2487,0.00029156862745098
2488,0.0565643137254902
2489,0.0564914215686275
2490,0.0222321078431373
2491,0.0716772875816993
2492,0.111670784313725
2493,0.00320725490196078
2494,0.0262411764705882
2495,0.0311978431372549
2496,0.0833886274509804
2497,0.0891714052287582
2498,0.0670607843137255
2499,0.0155503267973856
2500,0.0918441176470588
2501,0.0906292483660131
2502,0.0606462745098039
2503,0.0608649509803922
2504,0.0364460784313725
2505,0.00641450980392157
2506,0.0699764705882353
2507,0.0313436274509804
2508,0.00473799019607843
2509,0.106908496732026
2510,0.0659674019607843
2511,0.00850408496732026
2512,0.0138495098039216
2513,0.0237420168067227
2514,0.0149255368814192
2515,0.0183688235294118
2516,0.0470154411764706
2517,0.00603963585434174
2518,0.0653599673202614
2519,0.0153073529411765
2520,0.0606462745098039
2521,0.0930589869281046
2522,0.0795982352941177
2523,0.0702194444444444
2524,0.0362031045751634
2525,0.0160362745098039
2526,0.00826111111111111
2527,0.00553980392156863
2528,0.00121486928104575
2529,0.00874705882352941
2530,0.0775572549019608
2531,0.0370292156862745
2532,0.0320725490196078
2533,0.0397782913165266
2534,0.0471369281045752
2535,0.0408196078431372
2536,0.102291993464052
2537,0.0647282352941176
2538,0.0903862745098039
2539,0.0536486274509804
2540,0.034016339869281
2541,0.00495666666666667
2542,0.0921356862745098
2543,0.0563699346405229
2544,0.0240544117647059
2545,0.0656029411764706
2546,0.0548149019607843
2547,0.0635203081232493
2548,0.0922085784313725
2549,0.0860127450980392
2550,0.0580221568627451
2551,0.102049019607843
2552,0.101077124183007
2553,0.0415485294117647
2554,0.0692475490196078
2555,0.0615209803921569
2556,0.0762937908496732
2557,0.0869846405228758
2558,0.0651169934640523
2559,0.000971895424836601
2560,0.0586052941176471
2561,0.0579492647058824
2562,0.0224924369747899
2563,0.0923994864612512
2564,0.0656029411764706
2565,0.0524823529411765
2566,0.111889460784314
2567,0.00583137254901961
2568,0.0568558823529412
2569,0.0586781862745098
2570,0.0167651960784314
2571,0.00728921568627451
2572,0.0413055555555556
2573,0.027490756302521
2574,0.101077124183007
2575,0.0755648692810458
2576,0.0527739215686274
2577,0.0588208013640239
2578,0.0723090196078431
2579,0.0515104575163399
2580,0.0710177871148459
2581,0.0943953431372549
2582,0.0821251633986928
2583,0.044901568627451
2584,0.125374509803922
2585,0.0298857843137255
2586,0.0907507352941177
2587,0.0615938725490196
2588,0.0495666666666667
2589,0.00320725490196078
2590,0.115655555555556
2591,0.0942738562091503
2592,0.0667692156862745
2593,0.0160362745098039
2594,0.0172025490196078
2595,0.0014578431372549
2596,0.0242001960784314
2597,0.0967035947712418
2598,0.0526091219096334
2599,0.0811532679738562
2600,0.10302091503268
2601,0.0688830882352941
2602,0.0323641176470588
2603,0.0131205882352941
2604,0.0415485294117647
2605,0.0131205882352941
2606,0.0276990196078431
2607,0.014578431372549
2608,0.0029156862745098
2609,0.0178585784313725
2610,0.0449501633986928
2611,0.0330444444444444
2612,0.0320725490196078
2613,0.0476228758169935
2614,0.0650198039215686
2615,0.0276990196078431
2616,0.0545233333333333
2617,0.0164007352941176
2618,0.0504413725490196
2619,0.0399449019607843
2620,0.0253300245098039
2621,0.0714343137254902
2622,0.0172511437908497
2623,0.0103950554134697
2624,0.026605637254902
2625,0.000364460784313726
2626,0.0167651960784314
2627,0.00816392156862745
2628,0.0524823529411765
2629,0.0557625
2630,0.10302091503268
2631,0.0526725063938619
2632,0.0157933006535948
2633,0.0255122549019608
2634,0.0019437908496732
2635,0.00787235294117647
2636,0.0218676470588235
2637,0.00182230392156863
2638,0.0462865196078431
2639,0.0798169117647059
2640,0.0349882352941176
2641,0.00400906862745098
2642,0.0702194444444444
2643,0.0379039215686275
2644,0.0899697478991597
2645,0.106839075630252
2646,0.087227614379085
2647,0.00583137254901961
2648,0.0342593137254902
2649,0.00320725490196078
2650,0.00485947712418301
2651,0.0804729411764706
2652,0.029156862745098
2653,0.0136065359477124
2654,0.0396533333333333
2655,0.00947598039215686
2656,0.0836801960784314
2657,0.0623227941176471
2658,0.01487
2659,0.0111767973856209
2660,0.0390701960784314
2661,0.0738640522875817
2662,0.0375394607843137
2663,0.0775572549019608
2664,0.042034477124183
2665,0.00558839869281046
2666,0.0903862745098039
2667,0.0366890522875817
2668,0.0112982843137255
2669,0.0519964052287582
2670,0.044318431372549
2671,0.0119057189542484
2672,0.0379039215686275
2673,0.0510245098039216
2674,0.00255122549019608
2675,0.0034016339869281
2676,0.0354741830065359
2677,0.050052614379085
2678,0.0688989343563512
2679,0.0417915032679739
2680,0.0592856209150327
2681,0.0952457516339869
2682,0.0676439215686274
2683,0.077508660130719
2684,0.0251477941176471
2685,0.0306147058823529
2686,0.0430063725490196
2687,0.0935935294117647
2688,0.0255122549019608
2689,0.00923300653594771
2690,0.0860127450980392
2691,0.000364460784313726
2692,0.0622013071895425
2693,0.0668178104575163
2694,0.0670607843137255
2695,0.0122458823529412
2696,0.0665748366013072
2697,0.0093718487394958
2698,0.0630517156862745
2699,0.0643533613445378
2700,0.0498582352941176
2701,0.084068954248366
2702,0.0244917647058824
2703,0.0798169117647059
2704,0.0680326797385621
2705,0.0758078431372549
2706,0.047744362745098
2707,0.121000980392157
2708,0.079209477124183
2709,0.10117431372549
2710,0.0942738562091503
2711,0.0645095588235294
2712,0.0583137254901961
2713,0.142285490196078
2714,0.082368137254902
2715,0.131934803921569
2716,0.0675467320261438
2717,0.00510245098039216
2718,0.0414027450980392
2719,0.0766825490196078
2720,0.0411111764705882
2721,0.024297385620915
2722,0.088928431372549
2723,0.0615938725490196
2724,0.0309062745098039
2725,0.0999663865546218
2726,0.0728921568627451
2727,0.0272130718954248
2728,0.0109338235294118
2729,0.0119543137254902
2730,0.00320725490196078
2731,0.0419858823529412
2732,0.00670607843137255
2733,0.0398477124183007
2734,0.0594071078431373
2735,0.0160362745098039
2736,0.130841421568627
2737,0.0976754901960784
2738,0.0404551470588235
2739,0.0991333333333333
2740,0.0816392156862745
2741,0.0379039215686275
2742,0.0521178921568627
2743,0.0123916666666667
2744,0.00233254901960784
2745,0.0206527777777778
2746,0.0884424836601307
2747,0.0527253267973856
2748,0.0885639705882353
2749,0.101563071895425
2750,0.0495666666666667
2751,0.0520658263305322
2752,0.142504166666667
2753,0.0454361111111111
2754,0.084068954248366
2755,0.0204098039215686
2756,0.00874705882352941
2757,0.0605004901960784
2758,0.089511568627451
2759,0.00874705882352941
2760,0.0697682072829132
2761,0.0490807189542484
2762,0.0414027450980392
2763,0.0218676470588235
2764,0.125374509803922
2765,0.0282821568627451
2766,0.0935935294117647
2767,0.118085294117647
2768,0.0387786274509804
2769,0.0793066666666667
2770,0.0360816176470588
2771,0.0352798039215686
2772,0.0259496078431373
2773,0.106058088235294
2774,0.037175
2775,0.0912609803921569
2776,0.10569362745098
2777,0.0198266666666667
2778,0.0215031862745098
2779,0.0802447570332481
2780,0.0369320261437908
2781,0.0956345098039216
2782,0.0731837254901961
2783,0.0379039215686275
2784,0.0519964052287582
2785,0.0833886274509804
2786,0.0014578431372549
2787,0.0110796078431373
2788,0.116627450980392
2789,0.0578277777777778
2790,0.0953429411764706
2791,0.0811532679738562
2792,0.0656029411764706
2793,0.0495666666666667
2794,0.0349882352941176
2795,0.0373207843137255
2796,0.0807645098039216
2797,0.120515032679739
2798,0.0489835294117647
2799,0.114076225490196
2800,0.118668431372549
2801,0.0672690476190476
2802,0.118085294117647
2803,0.0928160130718954
2804,0.0335303921568627
2805,0.0871061274509804
2806,0.109338235294118
2807,0.0548149019607843
2808,0.115655555555556
2809,0.00777516339869281
2810,0.0171296568627451
2811,0.0109338235294118
2812,0.0142139705882353
2813,0.0564914215686275
2814,0.0571474509803922
2815,0.00670607843137255
2816,0.040333660130719
2817,0.0658945098039216
2818,0.0626872549019608
2819,0.0349882352941176
2820,0.0303717320261438
2821,0.0473799019607843
2822,0.0750789215686275
2823,0.0269700980392157
2824,0.00328014705882353
2825,0.000364460784313726
2826,0.0239086274509804
2827,0.0335303921568627
2828,0.00364460784313726
2829,0.0165433503836317
2830,0.0653113725490196
2831,0.0478172549019608
2832,0.0473799019607843
2833,0.00408196078431373
2834,0.00583137254901961
2835,0.0209929411764706
2836,0.00510245098039216
2837,0.0397262254901961
2838,0.0466509803921569
2839,0.00874705882352941
2840,0.0244188725490196
2841,0.00603963585434174
2842,0.00437352941176471
2843,0.059771568627451
2844,0.0393617647058824
2845,0.0720591036414566
2846,0.059188431372549
2847,0.0527739215686275
2848,0.0119057189542484
2849,0.0361545098039216
2850,0.0178585784313725
2851,0.0183688235294118
2852,0.0029156862745098
2853,0.00680326797385621
2854,0.0398477124183007
2855,0.0440997549019608
2856,0.0736210784313725
2857,0.0364460784313725
2858,0.0734752941176471
2859,0.0366890522875817
2860,0.0269700980392157
2861,0.0332388235294118
2862,0.0580707516339869
2863,0.0102049019607843
2864,0.0223535947712418
2865,0.0116627450980392
2866,0.00699764705882353
2867,0.0510245098039216
2868,0.0455575980392157
2869,0.0404551470588235
2870,0.0551064705882353
2871,0.0349882352941176
2872,0.0638535294117647
2873,0.0950513725490196
2874,0.0110379551820728
2875,0
2876,0.0776822128851541
2877,0.0903862745098039
2878,0.0442212418300654
2879,0.0619236227824463
2880,0.0276990196078431
2881,0.0187089869281046
2882,0.00728921568627451
2883,0.0102682864450128
2884,0.0399449019607843
2885,0.0590426470588235
2886,0.0019437908496732
2887,0.0461650326797386
2888,0.0251477941176471
2889,0.0209929411764706
2890,0.0321419701213819
2891,0.0155503267973856
2892,0.0171296568627451
2893,0.0029156862745098
2894,0.00777516339869281
2895,0
2896,0.0199238562091503
2897,0.0758078431372549
2898,0.0461650326797386
2899,0.0354741830065359
2900,0.056612908496732
2901,0.0183688235294118
2902,0.0400906862745098
2903,0.029156862745098
2904,0.0402364705882353
2905,0.0262411764705882
2906,0.00856482843137255
2907,0.074933137254902
2908,0.0816392156862745
2909,0.0204098039215686
2910,0.0524823529411765
2911,0.0393617647058824
2912,0.0227423529411765
2913,0.0171296568627451
2914,0.0514410364145658
2915,0.0725276960784314
2916,0.111282026143791
2917,0.0160362745098039
2918,0.0828054901960784
2919,0.0626872549019608
2920,0.0940308823529412
2921,0.111525
2922,0.0865594362745098
2923,0.119834705882353
2924,0.098647385620915
2925,0.0134850490196078
2926,0.0856482843137255
2927,0.0894143790849673
2928,0.0164007352941176
2929,0.142504166666667
2930,0.10409
2931,0.0710698529411765
2932,0.0952457516339869
2933,0.0670607843137255
2934,0.07435
2935,0.0533570588235294
2936,0.0907507352941176
2937,0.00437352941176471
2938,0.038875816993464
2939,0.0819307843137255
2940,0.0461650326797386
2941,0.0539401960784314
2942,0.088928431372549
2943,0.0120272058823529
2944,0.0674252450980392
2945,0.0801813725490196
2946,0.033165931372549
2947,0.0417915032679739
2948,0.0577670343137255
2949,0
2950,0.117502156862745
2951,0.07435
2952,0.0617153594771242
2953,0.0830970588235294
2954,0.111160539215686
2955,0.0553980392156863
2956,0.0492022058823529
2957,0.0367376470588235
2958,0.00553980392156863
2959,0.0274074509803922
2960,0.00728921568627451
2961,0.00485947712418301
2962,0.104600245098039
2963,0.0988417647058824
2964,0.0572203431372549
2965,0.0952457516339869
2966,0.0758078431372549
2967,0.0284279411764706
2968,0.130841421568627
2969,0.0956345098039216
2970,0.0196808823529412
2971,0.0364460784313725
2972,0.0139952941176471
2973,0.0506600490196078
2974,0.110613848039216
2975,0.111039052287582
2976,0.00874705882352941
2977,0.123916666666667
2978,0.014578431372549
2979,0.0192435294117647
2980,0.104478758169935
2981,0.117502156862745
2982,0.0313436274509804
2983,0.114003333333333
2984,0.0714343137254902
2985,0.0189519607843137
2986,0.0621041176470588
2987,0.092087091503268
2988,0.0587996732026144
2989,0.0811532679738562
2990,0.114294901960784
2991,0.0586052941176471
2992,0.129748039215686
2993,0.0408196078431372
2994,0.0448286764705882
2995,0.121486928104575
2996,0.074933137254902
2997,0.0559811764705882
2998,0.0819307843137255
2999,0.0426419117647059
3000,0.0455575980392157
3001,0.0456790849673203
3002,0.0543046568627451
3003,0.00991333333333333
3004,0.12428112745098
3005,0.100226715686275
3006,0.0737668627450981
3007,0.0918441176470588
3008,0.0609378431372549
3009,0.0381954901960784
3010,0.0935935294117647
3011,0.0957316993464052
3012,0.0755162745098039
3013,0.0335303921568627
3014,0.138495098039216
3015,0.0617153594771242
3016,0.0805458333333333
3017,0.105450653594771
3018,0.0557625
3019,0.102049019607843
3020,0.105547843137255
3021,0.0262411764705882
3022,0.115169607843137
3023,0.0959746732026144
3024,0.0758078431372549
3025,0.0154114845938375
3026,0.00510245098039216
3027,0.0102049019607843
3028,0.0352312091503268
3029,0.0478172549019608
3030,0.0677897058823529
3031,0.059771568627451
3032,0.0580221568627451
3033,0.0134375106564365
3034,0.058896862745098
3035,0.0228395424836601
3036,0.0427633986928105
3037,0.0364460784313725
3038,0.0896573529411765
3039,0.0116627450980392
3040,0.0233254901960784
3041,0.0212845098039216
3042,0.0131205882352941
3043,0.0242001960784314
3044,0.00631732026143791
3045,0.0402364705882353
3046,0.0383898692810458
3047,0.0852838235294118
3048,0.0329472549019608
3049,0.00912736572890025
3050,0.0174941176470588
3051,0.0381954901960784
3052,0.00996192810457516
3053,0.0379039215686274
3054,0.0276990196078431
3055,0.00838259803921569
3056,0.0410625816993464
3057,0.0236170588235294
3058,0.0688830882352941
3059,0.0691017647058823
3060,0.00182230392156863
3061,0.0413055555555555
3062,0.050052614379085
3063,0.030031568627451
3064,0.033165931372549
3065,0.0399449019607843
3066,0.0195350980392157
3067,0.00379039215686275
3068,0.00524823529411765
3069,0.0113711764705882
3070,0.0170081699346405
3071,0.00437352941176471
3072,0.0571474509803922
3073,0.0688830882352941
3074,0.0568558823529412
3075,0.0688101960784314
3076,0.0806673202614379
3077,0.0257552287581699
3078,0.0428605882352941
3079,0.0104478758169935
3080,0.024227964519141
3081,0.00485947712418301
3082,0.0481088235294118
3083,0.0723090196078431
3084,0.0454847058823529
3085,0.0417915032679739
3086,0.0240544117647059
3087,0.0126346405228758
3088,0.051753431372549
3089,0.0218676470588235
3090,0.0448286764705882
3091,0.0764326330532213
3092,0.0109338235294118
3093,0.0819307843137255
3094,0.0379039215686275
3095,0.0398477124183007
3096,0.0659832480818414
3097,0.0456790849673203
3098,0.0172025490196078
3099,0.0507329411764706
3100,0.0696849019607843
3101,0.054912091503268
3102,0.00233254901960784
3103,0.0400906862745098
3104,0.0364460784313725
3105,0.00656029411764706
3106,0.0473799019607843
3107,0.0528988795518207
3108,0.0411111764705882
3109,0.0149428921568627
3110,0.0185875
3111,0.0218676470588235
3112,0.045193137254902
3113,0.00218676470588235
3114,0.0544261437908497
3115,0.0664776470588235
3116,0.0490807189542484
3117,0.0476228758169935
3118,0.0414027450980392
3119,0.0521178921568627
3120,0.0514410364145658
3121,0.0189519607843137
3122,0.0519964052287582
3123,0.051753431372549
3124,0.0967035947712418
3125,0.0980399509803922
3126,0.101757450980392
3127,0.0369320261437908
3128,0.00546691176470588
3129,0.00911151960784314
3130,0.0665054154995331
3131,0.0357171568627451
3132,0.044026862745098
3133,0.0386328431372549
3134,0.0283328644501279
3135,0.00437352941176471
3136,0.040333660130719
3137,0.0852838235294118
3138,0.0522740896358543
3139,0.0763909803921569
3140,0.0916011437908497
3141,0.0921356862745098
3142,0.0174941176470588
3143,0.00838259803921569
3144,0.0247833333333333
3145,0.0880537254901961
3146,0.07435
3147,0.0976754901960784
3148,0.00965821078431373
3149,0.0468332107843137
3150,0.00984044117647059
3151,0.00692475490196078
3152,0.0320725490196078
3153,0.0211387254901961
3154,0.044026862745098
3155,0.0784319607843137
3156,0.0524823529411765
3157,0.0696120098039216
3158,0.0158280112044818
3159,0.0014578431372549
3160,0.00656029411764706
3161,0.041184068627451
3162,0.0383898692810458
3163,0.00328014705882353
3164,0.0150643790849673
3165,0.0160362745098039
3166,0.0615938725490196
3167,0.0103950554134697
3168,0.05948
3169,0.0521907843137255
3170,0.0255122549019608
3171,0.0682270588235294
3172,0.00612294117647059
3173,0.00947598039215686
3174,0.00787235294117647
3175,0.0102049019607843
3176,0.00328014705882353
3177,0.0131205882352941
3178,0.0852838235294118
3179,0.0483517973856209
3180,0.0553980392156863
3181,0.00374873949579832
3182,0.0502955882352941
3183,0.0323641176470588
3184,0.0988417647058824
3185,0.00787235294117647
3186,0.0615938725490196
3187,0.00874705882352941
3188,0.00583137254901961
3189,0.00437352941176471
3190,0.0527253267973856
3191,0.0320725490196078
3192,0.0149428921568627
3193,0.0320725490196078
3194,0.0428605882352941
3195,0.0185875
3196,0.0690890878090367
3197,0.0157447058823529
3198,0.0108296918767507
3199,0.0166610644257703
3200,0.0544261437908497
3201,0.0415485294117647
3202,0.0464080065359477
3203,0.0692475490196078
3204,0.0488377450980392
3205,0.0201668300653595
3206,0.0172025490196078
3207,0.0374179738562092
3208,0.0153073529411765
3209,0.00816392156862745
3210,0.00408196078431373
3211,0.0114197712418301
3212,0.0454847058823529
3213,0.0435530637254902
3214,0.0180772549019608
3215,0.0796954248366013
3216,0.0522393790849673
3217,0.00379039215686275
3218,0.000971895424836601
3219,0.0211387254901961
3220,0.0425204248366013
3221,0.0264841503267974
3222,0.0029156862745098
3223,0.0258767156862745
3224,0.0670607843137255
3225,0.0434923202614379
3226,0.0529683006535948
3227,0.0383898692810457
3228,0.0425690196078431
3229,0.0430063725490196
3230,0.0208957516339869
3231,0.0177856862745098
3232,0.0160362745098039
3233,0.0687616013071895
3234,0.0148214052287582
3235,0.0379039215686275
3236,0.0140924836601307
3237,0.0109338235294118
3238,0.0341135294117647
3239,0.0400906862745098
3240,0.0359601307189543
3241,0.0326556862745098
3242,0.0224507843137255
3243,0.0174941176470588
3244,0.0469425490196078
3245,0.046893954248366
3246,0.0437352941176471
3247,0.0440997549019608
3248,0.063780637254902
3249,0.0508162464985994
3250,0.0752247058823529
3251,0.00991333333333333
3252,0.0636591503267974
3253,0.0163278431372549
3254,0.0138495098039216
3255,0.0131205882352941
3256,0.0481088235294118
3257,0.0539401960784314
3258,0.0330444444444444
3259,0.0131205882352941
3260,0.00388758169934641
3261,0.0293998366013072
3262,0.00524823529411765
3263,0.0200453431372549
3264,0.0138495098039216
3265,0.00583137254901961
3266,0.014578431372549
3267,0.0182230392156863
3268,0.0183688235294118
3269,0.0524823529411765
3270,0.0014578431372549
3271,0.0104478758169935
3272,0.00991333333333333
3273,0.00874705882352941
3274,0.082368137254902
3275,0.0470154411764706
3276,0.0806673202614379
3277,0.0521907843137255
3278,0.0504413725490196
3279,0.0273345588235294
3280,0.0019437908496732
3281,0.0379039215686275
3282,0.0153073529411765
3283,0.00704624183006536
3284,0.000971895424836601
3285,0.00631732026143791
3286,0.0594071078431372
3287,0.0456790849673203
3288,0.00437352941176471
3289,0.0411111764705882
3290,0.0679354901960784
3291,0.0568558823529412
3292,0.0668178104575163
3293,0.010569362745098
3294,0.0309791666666667
3295,0.0157447058823529
3296,0.0116627450980392
3297,0.00218676470588235
3298,0.015453137254902
3299,0.00826111111111111
3300,0.0536486274509804
3301,0.0177856862745098
3302,0.0422774509803922
3303,0.00583137254901961
3304,0.0434437254901961
3305,0.0623956862745098
3306,0.0878350490196078
3307,0.0685186274509804
3308,0.0216854166666667
3309,0.0422774509803922
3310,0.0490807189542484
3311,0.044901568627451
3312,0.0521907843137255
3313,0.0147606617647059
3314,0.0179800653594771
3315,0.0318295751633987
3316,0.0502955882352941
3317,0.024297385620915
3318,0.0398477124183007
3319,0.0536486274509804
3320,0.058605294117647
3321,0.0301287581699346
3322,0.0670607843137255
3323,0.00510245098039216
3324,0.0404551470588235
3325,0.0119543137254902
3326,0.000971895424836601
3327,0.00631732026143791
3328,0.0143354575163399
3329,0.110212941176471
3330,0.0630517156862745
3331,0.0184660130718954
3332,0.0716772875816993
3333,0.0583137254901961
3334,0.0532112745098039
3335,0.0419858823529412
3336,0.0498582352941176
3337,0.00320725490196078
3338,0.0551550653594771
3339,0.00379039215686275
3340,0.0317080882352941
3341,0.0762937908496732
3342,0.0192435294117647
3343,0.0149428921568627
3344,0.00838259803921569
3345,0.034016339869281
3346,0.0364460784313725
3347,0.0498582352941176
3348,0.0717987745098039
3349,0.0690045751633987
3350,0.0558839869281046
3351,0.0696120098039216
3352,0.0847631652661064
3353,0.0779946078431372
3354,0.0929375
3355,0.113711764705882
3356,0.0794524509803922
3357,0.115461176470588
3358,0.0898031372549019
3359,0.059771568627451
3360,0.0414027450980392
3361,0.11735637254902
3362,0.101563071895425
3363,0.110431617647059
3364,0.084068954248366
3365,0.00388758169934641
3366,0.0476228758169935
3367,0.0313436274509804
3368,0.0131205882352941
3369,0.0346237745098039
3370,0.0665748366013072
3371,0.0236170588235294
3372,0.112253921568627
3373,0.00656029411764706
3374,0.0816392156862745
3375,0.0342593137254902
3376,0.0874705882352941
3377,0.0502608776844071
3378,0.0160362745098039
3379,0.00801813725490196
3380,0.0302502450980392
3381,0.0111767973856209
3382,0.0186603921568627
3383,0.0810560784313726
3384,0.107394444444444
3385,0.087227614379085
3386,0.112739869281046
3387,0.103992810457516
3388,0.0288652941176471
3389,0.00996192810457516
3390,0.0519964052287582
3391,0.0164007352941176
3392,0.0125374509803922
3393,0.00728921568627451
3394,0.0918441176470588
3395,0.0908722222222222
3396,0.111670784313725
3397,0.051753431372549
3398,0.063780637254902
3399,0.100882745098039
3400,0.0658945098039216
3401,0.0958531862745098
3402,0.0644366666666667
3403,0.00553980392156863
3404,0.0285737254901961
3405,0.00670607843137255
3406,0.0748359477124183
3407,0.0760994117647059
3408,0.0963998774509804
3409,0.0457762745098039
3410,0.00996192810457516
3411,0.0215760784313726
3412,0.0953429411764706
3413,0.0933019607843137
3414,0.0266577030812325
3415,0.0900947058823529
3416,0.116141503267974
3417,0.0908722222222222
3418,0.0878350490196078
3419,0.0935935294117647
3420,0.10117431372549
3421,0.0994977941176471
3422,0.0400906862745098
3423,0.0680326797385621
3424,0.101563071895425
3425,0.0813476470588235
3426,0.0997164705882353
3427,0.0753218954248366
3428,0.015161568627451
3429,0.0719202614379085
3430,0.0555802696078431
3431,0.0462865196078431
3432,0.0544261437908497
3433,0.026605637254902
3434,0.00801813725490196
3435,0.0125374509803922
3436,0.0422774509803922
3437,0.111342769607843
3438,0.127318300653595
3439,0.0539401960784314
3440,0.00971895424836601
3441,0.0868874509803922
3442,0.0580221568627451
3443,0.0720174509803922
3444,0.0804729411764706
3445,0.0731351307189542
3446,0.102049019607843
3447,0.111160539215686
3448,0.0947598039215686
3449,0.0952457516339869
3450,0.050052614379085
3451,0.129383578431373
3452,0.00619583333333333
3453,0.0390701960784314
3454,0.118085294117647
3455,0.0877621568627451
3456,0.111889460784314
3457,0.00777516339869281
3458,0.0374873949579832
3459,0.04461
3460,0.00947598039215686
3461,0.0113711764705882
3462,0.0951242647058823
3463,0.0845549019607843
3464,0.103749836601307
3465,0.0298857843137255
3466,0.100955637254902
3467,0.0615209803921569
3468,0.0349882352941176
3469,0.117210588235294
3470,0.0425943734015345
3471,0.0213816993464052
3472,0.0599798319327731
3473,0.0557625
3474,0.0734752941176471
3475,0.0257552287581699
3476,0.0459220588235294
3477,0.0349882352941176
3478,0.0546691176470588
3479,0.0351964985994398
3480,0.0632703921568627
3481,0.0515104575163399
3482,0.0854296078431372
3483,0.00971895424836601
3484,0.0459220588235294
3485,0.0136065359477124
3486,0.0229610294117647
3487,0.0685186274509804
3488,0.00641450980392157
3489,0.0313436274509804
3490,0.0885639705882353
3491,0.059771568627451
3492,0.00170081699346405
3493,0.112253921568627
3494,0.0707053921568627
3495,0.0285737254901961
3496,0.0229610294117647
3497,0.0140924836601307
3498,0.0149428921568627
3499,0.0208957516339869
3500,0.0113711764705882
3501,0.0078359068627451
3502,0.0196808823529412
3503,0.0793066666666667
3504,0.0605004901960784
3505,0.0971895424836601
3506,0.0430063725490196
3507,0.00510245098039216
3508,0.0843119281045752
3509,0.000364460784313726
3510,0.0992027544351074
3511,0.073074387254902
3512,0.00437352941176471
3513,0.00770574229691877
3514,0.0677897058823529
3515,0.0481088235294118
3516,0.0279072829131653
3517,0.0656029411764706
3518,0.059771568627451
3519,0.0481088235294118
3520,0.0419129901960784
3521,0.0306147058823529
3522,0.0748359477124183
3523,0.0925730392156863
3524,0.0574025735294118
3525,0.0714343137254902
3526,0.0546691176470588
3527,0.0617153594771242
3528,0.0869238970588235
3529,0.115169607843137
3530,0.00583137254901961
3531,0.0705596078431373
3532,0.0204098039215686
3533,0.0408196078431373
3534,0.035474183006536
3535,0.121486928104575
3536,0.0447071895424837
3537,0.0195350980392157
3538,0.0199238562091503
3539,0.0677897058823529
3540,0.0583137254901961
3541,0.0238114379084967
3542,0.0160362745098039
3543,0.0196808823529412
3544,0.110067156862745
3545,0.0874705882352941
3546,0.0492750980392157
3547,0.0816392156862745
3548,0.0606827205882353
3549,0.0447071895424837
3550,0.10992137254902
3551,0.0393617647058824
3552,0.0685186274509804
3553,0.0753218954248366
3554,0.0667692156862745
3555,0.0166194117647059
3556,0.127561274509804
3557,0.109824183006536
3558,0.0908722222222222
3559,0.0726491830065359
3560,0.0419129901960784
3561,0.038875816993464
3562,0.103798431372549
3563,0.069490522875817
3564,0.0923300653594771
3565,0.0766825490196078
3566,0.0709483660130719
3567,0.0282821568627451
3568,0.0732566176470588
3569,0.00437352941176471
3570,0.0760994117647059
3571,0.104235784313725
3572,0.0839717647058824
3573,0.0670607843137255
3574,0.014578431372549
3575,0.0631732026143791
3576,0.0650198039215686
3577,0.0268243137254902
3578,0.00495666666666667
3579,0.0826805322128852
3580,0.088345294117647
3581,0.045193137254902
3582,0.00612294117647059
3583,0.0165222222222222
3584,0.0379039215686275
3585,0.0107880392156863
3586,0.0323641176470588
3587,0.0739855392156863
3588,0.07435
3589,0.059771568627451
3590,0.0462865196078431
3591,0.0388758169934641
3592,0.0240544117647059
3593,0.0428605882352941
3594,0.00388758169934641
3595,0.0174941176470588
3596,0.0481088235294118
3597,0.00631732026143791
3598,0.0818821895424836
3599,0.056612908496732
3600,0.0641450980392157
3601,0.101684558823529
3602,0.0709483660130719
3603,0.0717258823529412
3604,0.0116627450980392
3605,0.0437352941176471
3606,0.0502955882352941
3607,0.0697229326513214
3608,0.0140924836601307
3609,0.0102049019607843
3610,0.0806673202614379
3611,0.0681541666666667
3612,0.0505385620915033
3613,0.0414027450980392
3614,0.0618125490196078
3615,0.0553980392156863
3616,0.0988903594771242
3617,0.0877135620915033
3618,0.0789665032679739
3619,0.037175
3620,0.0422774509803922
3621,0.00388758169934641
3622,0.0784319607843137
3623,0.0836801960784314
3624,0.0682756535947712
3625,0.0442212418300654
3626,0.0863043137254902
3627,0.0455575980392157
3628,0.0657297101449275
3629,0.0515104575163399
3630,0.0805458333333333
3631,0.10700568627451
3632,0.0615209803921569
3633,0.064631045751634
3634,0.110310130718954
3635,0.0472341176470588
3636,0.0136065359477124
3637,0.112837058823529
3638,0.00492022058823529
3639,0.0556063025210084
3640,0.0933019607843137
3641,0.029448431372549
3642,0.0314894117647059
3643,0.0868874509803922
3644,0.0014578431372549
3645,0.07808968456948
3646,0.0860127450980392
3647,0.0513160784313725
3648,0.0311978431372549
3649,0.0515104575163399
3650,0.0189519607843137
3651,0.0121486928104575
3652,0.142504166666667
3653,0.030031568627451
3654,0.0760994117647059
3655,0.0184660130718954
3656,0.0699764705882353
3657,0.0626872549019608
3658,0.0714343137254902
3659,0.0539401960784314
3660,0.0860127450980392
3661,0.000728921568627451
3662,0.0572203431372549
3663,0.070340931372549
3664,0.0953429411764706
3665,0.0973110294117647
3666,0.0962176470588235
3667,0.0309791666666667
3668,0.0384870588235294
3669,0.0379039215686275
3670,0.0965092156862745
3671,0.00874705882352941
3672,0.0991333333333333
3673,0.0408196078431373
3674,0.00320725490196078
3675,0.00666442577030812
3676,0.0883452941176471
3677,0.0109338235294118
3678,0.0653113725490196
3679,0.0838259803921569
3680,0.0641450980392157
3681,0.0516076470588235
3682,0.063780637254902
3683,0.0422774509803922
3684,0.0736210784313726
3685,0.064631045751634
3686,0.0285737254901961
3687,0.0280634803921569
3688,0.0828054901960784
3689,0.0539401960784314
3690,0.0618125490196078
3691,0.0513160784313725
3692,0.00680326797385621
3693,0.0536972222222222
3694,0.033165931372549
3695,0.0647282352941177
3696,0.0697942401960784
3697,0.0687268907563025
3698,0.00109338235294118
3699,0.00801813725490196
3700,0.019437908496732
3701,0.00485947712418301
3702,0.0174941176470588
3703,0.0639021241830065
3704,0.00534542483660131
3705,0.00534542483660131
3706,0.00267271241830065
3707,0.0315866013071895
3708,0.0506600490196078
3709,0.0965092156862745
3710,0.034016339869281
3711,0.0781403921568627
3712,0.0346966666666667
3713,0.00510245098039216
3714,0.0269700980392157
3715,0.00121486928104575
3716,0.00524823529411765
3717,0.00182230392156863
3718,0.0563699346405229
3719,0.0364460784313725
3720,0.045193137254902
3721,0.0201182352941176
3722,0.0174941176470588
3723,0.0553980392156863
3724,0.0806673202614379
3725,0.0984044117647059
3726,0.0867416666666667
3727,0.0138495098039216
3728,0.00437352941176471
3729,0.0029156862745098
3730,0.0845549019607843
3731,0.0530654901960784
3732,0.0685186274509804
3733,0.029448431372549
3734,0.0434437254901961
3735,0.0383898692810457
3736,0.0571474509803922
3737,0.00665537084398977
3738,0.066331862745098
3739,0.0851380392156863
3740,0.0211387254901961
3741,0.0379039215686275
3742,0.0860127450980392
3743,0.00116627450980392
3744,0.0984044117647059
3745,0.0734752941176471
3746,0.0578277777777778
3747,0.0428605882352941
3748,0.10409
3749,0.0493236928104575
3750,0.0674252450980392
3751,0.0957316993464052
3752,0.0257552287581699
3753,0.0714343137254902
3754,0.0720174509803922
3755,0.00315866013071895
3756,0.0636591503267974
3757,0.00856482843137255
3758,0.0484732843137255
3759,0.00758078431372549
3760,0.0656029411764706
3761,0.00971895424836601
3762,0.11444068627451
3763,0.10860931372549
3764,0.00728921568627451
3765,0.0653599673202614
3766,0.0326556862745098
3767,0.044026862745098
3768,0.0553980392156863
3769,0.111889460784314
3770,0.0368105392156863
3771,0.0938850980392157
3772,0.0940308823529412
3773,0.0666442577030812
3774,0.0793066666666667
3775,0.00631732026143791
3776,0.0367376470588235
3777,0.0288652941176471
3778,0.113347303921569
3779,0.00388758169934641
3780,0.0816392156862745
3781,0.0408196078431373
3782,0.022596568627451
3783,0.063780637254902
3784,0.0320725490196078
3785,0.0272130718954248
3786,0.079209477124183
3787,0.02974
3788,0.108123366013072
3789,0.0702680392156863
3790,0.0881995098039215
3791,0.088345294117647
3792,0.117599346405229
3793,0.0734752941176471
3794,0.129748039215686
3795,0.045193137254902
3796,0.0885639705882353
3797,0.0965092156862745
3798,0.0513160784313725
3799,0.0172025490196078
3800,0.0110796078431373
3801,0.0262411764705882
3802,0.103798431372549
3803,0.0186603921568627
3804,0.0369320261437908
3805,0.0991333333333333
3806,0.0962176470588235
3807,0.0602575163398693
3808,0.0187089869281046
3809,0.0320725490196078
3810,0.024297385620915
3811,0.0215031862745098
3812,0.0454847058823529
3813,0.0682756535947712
3814,0.0647282352941176
3815,0.0867416666666667
3816,0.0962176470588235
3817,0.0871790196078431
3818,0.0928160130718954
3819,0.0434923202614379
3820,0.0619583333333333
3821,0.00923300653594771
3822,0.0719202614379085
3823,0.00903862745098039
3824,0.0213816993464052
3825,0.00933019607843137
3826,0.07435
3827,0.0914275910364146
3828,0.0539401960784314
3829,0.0267271241830065
3830,0.0544261437908497
3831,0.0772656862745098
3832,0.0930936974789916
3833,0.0134121568627451
3834,0.124645588235294
3835,0.0317080882352941
3836,0.0444642156862745
3837,0.00182230392156863
3838,0.074641568627451
3839,0.0507329411764706
3840,0.0826111111111111
3841,0.0874011671335201
3842,0.0158540441176471
3843,0.0404551470588235
3844,0.111962352941176
3845,0.0987688725490196
3846,0.0997164705882353
3847,0.111039052287582
3848,0.05948
3849,0.0901433006535948
3850,0.0970923529411765
3851,0.108973774509804
3852,0.128290196078431
3853,0.0276990196078431
3854,0.084919362745098
3855,0.115169607843137
3856,0.0789665032679739
3857,0.0553980392156863
3858,0.0198266666666667
3859,0.0996192810457516
3860,0.0733781045751634
3861,0.109824183006536
3862,0.0218676470588235
3863,0.0923300653594771
3864,0.0765367647058823
3865,0.00971895424836601
3866,0.00874705882352941
3867,0.0362638480392157
3868,0.0495666666666667
3869,0.100299607843137
3870,0.109046666666667
3871,0.0863043137254902
3872,0.0789665032679738
3873,0.0973839215686274
3874,0.0772656862745098
3875,0.0652384803921569
3876,0.074933137254902
3877,0.00510245098039216
3878,0.11896
3879,0.0998622549019608
3880,0.0856482843137255
3881,0.111629131652661
3882,0.0832792892156863
3883,0.106714117647059
3884,0.0677897058823529
3885,0.0652384803921569
3886,0.123916666666667
3887,0.0529683006535948
3888,0.0828054901960784
