button.numClicks,button.timesOn,button.timesOff,participant,ProlificID,age,biological sex,date,expName,psychopyVersion,OS,frameRate,key_resp_sizecalibration.keys,key_resp_sizecalibration.rt,X Scale,Y Scale,key_resp_2.keys,key_resp_2.rt,key_resp_instruction2.keys,key_resp_instruction2.rt,start_specularN,condition,key_resp.keys,key_resp.rt,slider.response,slider.rt,practice_trial.thisRepN,practice_trial.thisTrialN,practice_trial.thisN,practice_trial.thisIndex,practice_trial.ran,imgN,main_trials.thisRepN,main_trials.thisTrialN,main_trials.thisN,main_trials.thisIndex,main_trials.ran
1,[4.730499999999999],[4.730499999999999],409,57b715b842195e000159f82b,38,female,2022-11-22_10h15.43.209,onlinegloss,2022.2.3,Win32,59.93048064,,,,,,,,,,,,,,,,,,,,,,,,,
,,,409,57b715b842195e000159f82b,38,female,2022-11-22_10h15.43.209,onlinegloss,2022.2.3,Win32,59.93048064,space,0.8842,,,,,,,,,,,,,,,,,,,,,,,
,,,409,57b715b842195e000159f82b,38,female,2022-11-22_10h15.43.209,onlinegloss,2022.2.3,Win32,59.93048064,,,49.5,49.6,,,,,,,,,,,,,,,,,,,,,
,,,409,57b715b842195e000159f82b,38,female,2022-11-22_10h15.43.209,onlinegloss,2022.2.3,Win32,59.93048064,,,,,space,2.9512,,,,,,,,,,,,,,,,,,,
,,,409,57b715b842195e000159f82b,38,female,2022-11-22_10h15.43.209,onlinegloss,2022.2.3,Win32,59.93048064,,,,,,,,,,,,,,,,,,,,,,,,,
,,,409,57b715b842195e000159f82b,38,female,2022-11-22_10h15.43.209,onlinegloss,2022.2.3,Win32,59.93048064,,,,,,,space,2.9106,,,,,,,,,,,,,,,,,
,,,409,57b715b842195e000159f82b,38,female,2022-11-22_10h15.43.209,onlinegloss,2022.2.3,Win32,59.93048064,,,,,,,,,41,32,space,5.7858,20,5.4888,0,0,0,0,1,101,,,,,
,,,409,57b715b842195e000159f82b,38,female,2022-11-22_10h15.43.209,onlinegloss,2022.2.3,Win32,59.93048064,,,,,,,,,32,32,space,5.1563,42,5.0255,0,1,1,1,1,102,,,,,
,,,409,57b715b842195e000159f82b,38,female,2022-11-22_10h15.43.209,onlinegloss,2022.2.3,Win32,59.93048064,,,,,,,,,39,32,space,3.7552,12,3.5206,,,,,,25,0,0,0,25,1
,,,409,57b715b842195e000159f82b,38,female,2022-11-22_10h15.43.209,onlinegloss,2022.2.3,Win32,59.93048064,,,,,,,,,42,32,space,3.522,14,3.2155,,,,,,12,0,1,1,12,1
,,,409,57b715b842195e000159f82b,38,female,2022-11-22_10h15.43.209,onlinegloss,2022.2.3,Win32,59.93048064,,,,,,,,,35,32,space,3.8013,17,3.4864,,,,,,21,0,2,2,21,1
,,,409,57b715b842195e000159f82b,38,female,2022-11-22_10h15.43.209,onlinegloss,2022.2.3,Win32,59.93048064,,,,,,,,,52,32,space,2.1496,10,1.9031,,,,,,75,0,3,3,75,1
,,,409,57b715b842195e000159f82b,38,female,2022-11-22_10h15.43.209,onlinegloss,2022.2.3,Win32,59.93048064,,,,,,,,,38,32,space,3.5197,26,3.2346,,,,,,67,0,4,4,67,1
,,,409,57b715b842195e000159f82b,38,female,2022-11-22_10h15.43.209,onlinegloss,2022.2.3,Win32,59.93048064,,,,,,,,,42,32,space,2.6256,1,2.4782,,,,,,53,0,5,5,53,1
,,,409,57b715b842195e000159f82b,38,female,2022-11-22_10h15.43.209,onlinegloss,2022.2.3,Win32,59.93048064,,,,,,,,,29,32,space,2.6614,2,2.4852,,,,,,15,0,6,6,15,1
,,,409,57b715b842195e000159f82b,38,female,2022-11-22_10h15.43.209,onlinegloss,2022.2.3,Win32,59.93048064,,,,,,,,,27,32,space,3.3069,16,3.077,,,,,,76,0,7,7,76,1
,,,409,57b715b842195e000159f82b,38,female,2022-11-22_10h15.43.209,onlinegloss,2022.2.3,Win32,59.93048064,,,,,,,,,39,32,space,2.5528,5,2.1078,,,,,,38,0,8,8,38,1
,,,409,57b715b842195e000159f82b,38,female,2022-11-22_10h15.43.209,onlinegloss,2022.2.3,Win32,59.93048064,,,,,,,,,34,32,space,2.2996,10,1.7396,,,,,,68,0,9,9,68,1
,,,409,57b715b842195e000159f82b,38,female,2022-11-22_10h15.43.209,onlinegloss,2022.2.3,Win32,59.93048064,,,,,,,,,36,32,space,3.462,32,3.0977,,,,,,62,0,10,10,62,1
,,,409,57b715b842195e000159f82b,38,female,2022-11-22_10h15.43.209,onlinegloss,2022.2.3,Win32,59.93048064,,,,,,,,,35,32,space,1.9704,22,1.4722,,,,,,13,0,11,11,13,1
,,,409,57b715b842195e000159f82b,38,female,2022-11-22_10h15.43.209,onlinegloss,2022.2.3,Win32,59.93048064,,,,,,,,,35,32,space,1.9046,16,1.6296,,,,,,24,0,12,12,24,1
,,,409,57b715b842195e000159f82b,38,female,2022-11-22_10h15.43.209,onlinegloss,2022.2.3,Win32,59.93048064,,,,,,,,,41,32,space,1.732,9,1.5052,,,,,,27,0,13,13,27,1
,,,409,57b715b842195e000159f82b,38,female,2022-11-22_10h15.43.209,onlinegloss,2022.2.3,Win32,59.93048064,,,,,,,,,49,32,space,2.0499,17,1.7872,,,,,,83,0,14,14,83,1
,,,409,57b715b842195e000159f82b,38,female,2022-11-22_10h15.43.209,onlinegloss,2022.2.3,Win32,59.93048064,,,,,,,,,33,32,space,2.1762,13,1.5022,,,,,,35,0,15,15,35,1
,,,409,57b715b842195e000159f82b,38,female,2022-11-22_10h15.43.209,onlinegloss,2022.2.3,Win32,59.93048064,,,,,,,,,34,32,space,2.1645,3,1.8382,,,,,,22,0,16,16,22,1
,,,409,57b715b842195e000159f82b,38,female,2022-11-22_10h15.43.209,onlinegloss,2022.2.3,Win32,59.93048064,,,,,,,,,39,32,space,3.9551,11,3.5568,,,,,,60,0,17,17,60,1
,,,409,57b715b842195e000159f82b,38,female,2022-11-22_10h15.43.209,onlinegloss,2022.2.3,Win32,59.93048064,,,,,,,,,45,32,space,2.5596,35,2.0238,,,,,,81,0,18,18,81,1
,,,409,57b715b842195e000159f82b,38,female,2022-11-22_10h15.43.209,onlinegloss,2022.2.3,Win32,59.93048064,,,,,,,,,45,32,space,2.0155,20,1.5834,,,,,,51,0,19,19,51,1
,,,409,57b715b842195e000159f82b,38,female,2022-11-22_10h15.43.209,onlinegloss,2022.2.3,Win32,59.93048064,,,,,,,,,41,32,space,1.7365,6,1.3664,,,,,,69,0,20,20,69,1
,,,409,57b715b842195e000159f82b,38,female,2022-11-22_10h15.43.209,onlinegloss,2022.2.3,Win32,59.93048064,,,,,,,,,43,32,space,1.8687,13,1.4108,,,,,,56,0,21,21,56,1
,,,409,57b715b842195e000159f82b,38,female,2022-11-22_10h15.43.209,onlinegloss,2022.2.3,Win32,59.93048064,,,,,,,,,30,32,space,2.2996,25,1.679,,,,,,36,0,22,22,36,1
,,,409,57b715b842195e000159f82b,38,female,2022-11-22_10h15.43.209,onlinegloss,2022.2.3,Win32,59.93048064,,,,,,,,,33,32,space,1.9657,15,1.3866,,,,,,19,0,23,23,19,1
,,,409,57b715b842195e000159f82b,38,female,2022-11-22_10h15.43.209,onlinegloss,2022.2.3,Win32,59.93048064,,,,,,,,,51,32,space,3.3533,21,2.9718,,,,,,73,0,24,24,73,1
,,,409,57b715b842195e000159f82b,38,female,2022-11-22_10h15.43.209,onlinegloss,2022.2.3,Win32,59.93048064,,,,,,,,,42,32,space,2.1612,10,1.6051,,,,,,72,0,25,25,72,1
,,,409,57b715b842195e000159f82b,38,female,2022-11-22_10h15.43.209,onlinegloss,2022.2.3,Win32,59.93048064,,,,,,,,,43,32,space,2.4277,6,1.7708,,,,,,57,0,26,26,57,1
,,,409,57b715b842195e000159f82b,38,female,2022-11-22_10h15.43.209,onlinegloss,2022.2.3,Win32,59.93048064,,,,,,,,,33,32,space,2.0273,6,1.4552,,,,,,14,0,27,27,14,1
,,,409,57b715b842195e000159f82b,38,female,2022-11-22_10h15.43.209,onlinegloss,2022.2.3,Win32,59.93048064,,,,,,,,,28,32,space,1.9607,12,1.6088,,,,,,28,0,28,28,28,1
,,,409,57b715b842195e000159f82b,38,female,2022-11-22_10h15.43.209,onlinegloss,2022.2.3,Win32,59.93048064,,,,,,,,,47,32,space,2.7769,8,2.5379,,,,,,44,0,29,29,44,1
,,,409,57b715b842195e000159f82b,38,female,2022-11-22_10h15.43.209,onlinegloss,2022.2.3,Win32,59.93048064,,,,,,,,,50,32,space,5.061,24,4.7523,,,,,,34,0,30,30,34,1
,,,409,57b715b842195e000159f82b,38,female,2022-11-22_10h15.43.209,onlinegloss,2022.2.3,Win32,59.93048064,,,,,,,,,38,32,space,4.0518,48,3.7553,,,,,,58,0,31,31,58,1
,,,409,57b715b842195e000159f82b,38,female,2022-11-22_10h15.43.209,onlinegloss,2022.2.3,Win32,59.93048064,,,,,,,,,40,32,space,2.8708,4,1.7903,,,,,,5,0,32,32,5,1
,,,409,57b715b842195e000159f82b,38,female,2022-11-22_10h15.43.209,onlinegloss,2022.2.3,Win32,59.93048064,,,,,,,,,26,32,space,3.6072,24,2.9566,,,,,,6,0,33,33,6,1
,,,409,57b715b842195e000159f82b,38,female,2022-11-22_10h15.43.209,onlinegloss,2022.2.3,Win32,59.93048064,,,,,,,,,45,32,space,3.7425,8,2.0405,,,,,,16,0,34,34,16,1
,,,409,57b715b842195e000159f82b,38,female,2022-11-22_10h15.43.209,onlinegloss,2022.2.3,Win32,59.93048064,,,,,,,,,35,32,space,8.1921,1,6.2662,,,,,,0,0,35,35,0,1
,,,409,57b715b842195e000159f82b,38,female,2022-11-22_10h15.43.209,onlinegloss,2022.2.3,Win32,59.93048064,,,,,,,,,35,32,space,3.1252,10,2.1869,,,,,,55,0,36,36,55,1
,,,409,57b715b842195e000159f82b,38,female,2022-11-22_10h15.43.209,onlinegloss,2022.2.3,Win32,59.93048064,,,,,,,,,46,32,space,3.4775,21,3.2558,,,,,,9,0,37,37,9,1
,,,409,57b715b842195e000159f82b,38,female,2022-11-22_10h15.43.209,onlinegloss,2022.2.3,Win32,59.93048064,,,,,,,,,39,32,space,2.0233,11,1.5033,,,,,,49,0,38,38,49,1
,,,409,57b715b842195e000159f82b,38,female,2022-11-22_10h15.43.209,onlinegloss,2022.2.3,Win32,59.93048064,,,,,,,,,49,32,space,4.2951,33,3.925,,,,,,7,0,39,39,7,1
,,,409,57b715b842195e000159f82b,38,female,2022-11-22_10h15.43.209,onlinegloss,2022.2.3,Win32,59.93048064,,,,,,,,,40,32,space,2.3065,20,1.6559,,,,,,43,0,40,40,43,1
,,,409,57b715b842195e000159f82b,38,female,2022-11-22_10h15.43.209,onlinegloss,2022.2.3,Win32,59.93048064,,,,,,,,,39,32,space,2.017,12,1.3224,,,,,,40,0,41,41,40,1
,,,409,57b715b842195e000159f82b,38,female,2022-11-22_10h15.43.209,onlinegloss,2022.2.3,Win32,59.93048064,,,,,,,,,41,32,space,2.0732,24,1.7386,,,,,,32,0,42,42,32,1
,,,409,57b715b842195e000159f82b,38,female,2022-11-22_10h15.43.209,onlinegloss,2022.2.3,Win32,59.93048064,,,,,,,,,42,32,space,3.7717,14,2.72,,,,,,41,0,43,43,41,1
,,,409,57b715b842195e000159f82b,38,female,2022-11-22_10h15.43.209,onlinegloss,2022.2.3,Win32,59.93048064,,,,,,,,,47,32,space,3.0205,47,2.4408,,,,,,77,0,44,44,77,1
,,,409,57b715b842195e000159f82b,38,female,2022-11-22_10h15.43.209,onlinegloss,2022.2.3,Win32,59.93048064,,,,,,,,,51,32,space,2.7435,16,2.2873,,,,,,2,0,45,45,2,1
,,,409,57b715b842195e000159f82b,38,female,2022-11-22_10h15.43.209,onlinegloss,2022.2.3,Win32,59.93048064,,,,,,,,,29,32,space,2.8927,25,2.2314,,,,,,70,0,46,46,70,1
,,,409,57b715b842195e000159f82b,38,female,2022-11-22_10h15.43.209,onlinegloss,2022.2.3,Win32,59.93048064,,,,,,,,,34,32,space,2.2328,16,1.8007,,,,,,39,0,47,47,39,1
,,,409,57b715b842195e000159f82b,38,female,2022-11-22_10h15.43.209,onlinegloss,2022.2.3,Win32,59.93048064,,,,,,,,,45,32,space,5.4768,18,4.8358,,,,,,10,0,48,48,10,1
,,,409,57b715b842195e000159f82b,38,female,2022-11-22_10h15.43.209,onlinegloss,2022.2.3,Win32,59.93048064,,,,,,,,,35,32,space,2.5461,45,1.947,,,,,,45,0,49,49,45,1
,,,409,57b715b842195e000159f82b,38,female,2022-11-22_10h15.43.209,onlinegloss,2022.2.3,Win32,59.93048064,,,,,,,,,34,32,space,2.0574,32,1.3782,,,,,,71,0,50,50,71,1
,,,409,57b715b842195e000159f82b,38,female,2022-11-22_10h15.43.209,onlinegloss,2022.2.3,Win32,59.93048064,,,,,,,,,33,32,space,3.4609,31,2.8987,,,,,,3,0,51,51,3,1
,,,409,57b715b842195e000159f82b,38,female,2022-11-22_10h15.43.209,onlinegloss,2022.2.3,Win32,59.93048064,,,,,,,,,26,32,space,1.9415,21,1.2819,,,,,,65,0,52,52,65,1
,,,409,57b715b842195e000159f82b,38,female,2022-11-22_10h15.43.209,onlinegloss,2022.2.3,Win32,59.93048064,,,,,,,,,29,32,space,3.273,20,2.9032,,,,,,80,0,53,53,80,1
,,,409,57b715b842195e000159f82b,38,female,2022-11-22_10h15.43.209,onlinegloss,2022.2.3,Win32,59.93048064,,,,,,,,,27,32,space,2.4342,8,1.7323,,,,,,42,0,54,54,42,1
,,,409,57b715b842195e000159f82b,38,female,2022-11-22_10h15.43.209,onlinegloss,2022.2.3,Win32,59.93048064,,,,,,,,,41,32,space,3.4911,22,3.1034,,,,,,54,0,55,55,54,1
,,,409,57b715b842195e000159f82b,38,female,2022-11-22_10h15.43.209,onlinegloss,2022.2.3,Win32,59.93048064,,,,,,,,,44,32,space,1.7241,18,1.3349,,,,,,26,0,56,56,26,1
,,,409,57b715b842195e000159f82b,38,female,2022-11-22_10h15.43.209,onlinegloss,2022.2.3,Win32,59.93048064,,,,,,,,,33,32,space,3.3511,46,1.8716,,,,,,20,0,57,57,20,1
,,,409,57b715b842195e000159f82b,38,female,2022-11-22_10h15.43.209,onlinegloss,2022.2.3,Win32,59.93048064,,,,,,,,,41,32,space,2.7386,35,1.6903,,,,,,50,0,58,58,50,1
,,,409,57b715b842195e000159f82b,38,female,2022-11-22_10h15.43.209,onlinegloss,2022.2.3,Win32,59.93048064,,,,,,,,,26,32,space,2.2369,21,1.5736,,,,,,59,0,59,59,59,1
,,,409,57b715b842195e000159f82b,38,female,2022-11-22_10h15.43.209,onlinegloss,2022.2.3,Win32,59.93048064,,,,,,,,,50,32,space,3.4435,33,2.7708,,,,,,78,0,60,60,78,1
,,,409,57b715b842195e000159f82b,38,female,2022-11-22_10h15.43.209,onlinegloss,2022.2.3,Win32,59.93048064,,,,,,,,,36,32,space,1.9688,15,1.3652,,,,,,18,0,61,61,18,1
,,,409,57b715b842195e000159f82b,38,female,2022-11-22_10h15.43.209,onlinegloss,2022.2.3,Win32,59.93048064,,,,,,,,,48,32,space,3.6038,34,3.0513,,,,,,47,0,62,62,47,1
,,,409,57b715b842195e000159f82b,38,female,2022-11-22_10h15.43.209,onlinegloss,2022.2.3,Win32,59.93048064,,,,,,,,,32,32,space,2.3549,11,1.786,,,,,,30,0,63,63,30,1
,,,409,57b715b842195e000159f82b,38,female,2022-11-22_10h15.43.209,onlinegloss,2022.2.3,Win32,59.93048064,,,,,,,,,32,32,space,2.1072,19,1.4321,,,,,,82,0,64,64,82,1
,,,409,57b715b842195e000159f82b,38,female,2022-11-22_10h15.43.209,onlinegloss,2022.2.3,Win32,59.93048064,,,,,,,,,36,32,space,2.0885,25,1.77,,,,,,52,0,65,65,52,1
,,,409,57b715b842195e000159f82b,38,female,2022-11-22_10h15.43.209,onlinegloss,2022.2.3,Win32,59.93048064,,,,,,,,,49,32,space,2.0651,35,1.7304,,,,,,4,0,66,66,4,1
,,,409,57b715b842195e000159f82b,38,female,2022-11-22_10h15.43.209,onlinegloss,2022.2.3,Win32,59.93048064,,,,,,,,,44,32,space,2.1811,39,1.5695,,,,,,23,0,67,67,23,1
,,,409,57b715b842195e000159f82b,38,female,2022-11-22_10h15.43.209,onlinegloss,2022.2.3,Win32,59.93048064,,,,,,,,,47,32,space,1.615,32,1.3278,,,,,,33,0,68,68,33,1
,,,409,57b715b842195e000159f82b,38,female,2022-11-22_10h15.43.209,onlinegloss,2022.2.3,Win32,59.93048064,,,,,,,,,41,32,space,2.3415,25,1.2874,,,,,,11,0,69,69,11,1
,,,409,57b715b842195e000159f82b,38,female,2022-11-22_10h15.43.209,onlinegloss,2022.2.3,Win32,59.93048064,,,,,,,,,37,32,space,2.2012,47,1.7891,,,,,,74,0,70,70,74,1
,,,409,57b715b842195e000159f82b,38,female,2022-11-22_10h15.43.209,onlinegloss,2022.2.3,Win32,59.93048064,,,,,,,,,42,32,space,2.0616,9,1.8382,,,,,,79,0,71,71,79,1
,,,409,57b715b842195e000159f82b,38,female,2022-11-22_10h15.43.209,onlinegloss,2022.2.3,Win32,59.93048064,,,,,,,,,34,32,space,2.1396,6,1.778,,,,,,1,0,72,72,1,1
,,,409,57b715b842195e000159f82b,38,female,2022-11-22_10h15.43.209,onlinegloss,2022.2.3,Win32,59.93048064,,,,,,,,,48,32,space,2.5264,8,1.6926,,,,,,31,0,73,73,31,1
,,,409,57b715b842195e000159f82b,38,female,2022-11-22_10h15.43.209,onlinegloss,2022.2.3,Win32,59.93048064,,,,,,,,,42,32,space,3.2035,29,2.8878,,,,,,66,0,74,74,66,1
,,,409,57b715b842195e000159f82b,38,female,2022-11-22_10h15.43.209,onlinegloss,2022.2.3,Win32,59.93048064,,,,,,,,,31,32,space,2.3572,30,2.018,,,,,,17,0,75,75,17,1
,,,409,57b715b842195e000159f82b,38,female,2022-11-22_10h15.43.209,onlinegloss,2022.2.3,Win32,59.93048064,,,,,,,,,31,32,space,1.9546,6,1.625,,,,,,63,0,76,76,63,1
,,,409,57b715b842195e000159f82b,38,female,2022-11-22_10h15.43.209,onlinegloss,2022.2.3,Win32,59.93048064,,,,,,,,,47,32,space,2.1472,6,1.2354,,,,,,29,0,77,77,29,1
,,,409,57b715b842195e000159f82b,38,female,2022-11-22_10h15.43.209,onlinegloss,2022.2.3,Win32,59.93048064,,,,,,,,,48,32,space,3.4519,1,3.2776,,,,,,8,0,78,78,8,1
,,,409,57b715b842195e000159f82b,38,female,2022-11-22_10h15.43.209,onlinegloss,2022.2.3,Win32,59.93048064,,,,,,,,,34,32,space,2.6918,37,1.7958,,,,,,61,0,79,79,61,1
,,,409,57b715b842195e000159f82b,38,female,2022-11-22_10h15.43.209,onlinegloss,2022.2.3,Win32,59.93048064,,,,,,,,,48,32,space,1.54,34,1.1104,,,,,,37,0,80,80,37,1
,,,409,57b715b842195e000159f82b,38,female,2022-11-22_10h15.43.209,onlinegloss,2022.2.3,Win32,59.93048064,,,,,,,,,29,32,space,2.3412,32,1.8188,,,,,,46,0,81,81,46,1
,,,409,57b715b842195e000159f82b,38,female,2022-11-22_10h15.43.209,onlinegloss,2022.2.3,Win32,59.93048064,,,,,,,,,28,32,space,2.9557,44,1.7924,,,,,,64,0,82,82,64,1
,,,409,57b715b842195e000159f82b,38,female,2022-11-22_10h15.43.209,onlinegloss,2022.2.3,Win32,59.93048064,,,,,,,,,41,32,space,2.2014,49,1.6514,,,,,,84,0,83,83,84,1
,,,409,57b715b842195e000159f82b,38,female,2022-11-22_10h15.43.209,onlinegloss,2022.2.3,Win32,59.93048064,,,,,,,,,33,32,space,2.9179,11,2.5984,,,,,,48,0,84,84,48,1
,,,409,57b715b842195e000159f82b,38,female,2022-11-22_10h15.43.209,onlinegloss,2022.2.3,Win32,59.93048064,,,,,,,,,29,32,space,1.9184,15,1.5193,,,,,,49,1,0,85,49,1
,,,409,57b715b842195e000159f82b,38,female,2022-11-22_10h15.43.209,onlinegloss,2022.2.3,Win32,59.93048064,,,,,,,,,29,32,space,3.1746,2,2.8531,,,,,,38,1,1,86,38,1
,,,409,57b715b842195e000159f82b,38,female,2022-11-22_10h15.43.209,onlinegloss,2022.2.3,Win32,59.93048064,,,,,,,,,48,32,space,3.4047,23,2.8329,,,,,,17,1,2,87,17,1
,,,409,57b715b842195e000159f82b,38,female,2022-11-22_10h15.43.209,onlinegloss,2022.2.3,Win32,59.93048064,,,,,,,,,38,32,space,2.0424,17,1.636,,,,,,60,1,3,88,60,1
,,,409,57b715b842195e000159f82b,38,female,2022-11-22_10h15.43.209,onlinegloss,2022.2.3,Win32,59.93048064,,,,,,,,,46,32,space,1.9639,25,1.4753,,,,,,6,1,4,89,6,1
,,,409,57b715b842195e000159f82b,38,female,2022-11-22_10h15.43.209,onlinegloss,2022.2.3,Win32,59.93048064,,,,,,,,,42,32,space,3.0927,1,2.3688,,,,,,63,1,5,90,63,1
,,,409,57b715b842195e000159f82b,38,female,2022-11-22_10h15.43.209,onlinegloss,2022.2.3,Win32,59.93048064,,,,,,,,,47,32,space,1.7209,14,1.2179,,,,,,3,1,6,91,3,1
,,,409,57b715b842195e000159f82b,38,female,2022-11-22_10h15.43.209,onlinegloss,2022.2.3,Win32,59.93048064,,,,,,,,,39,32,space,2.355,8,1.9708,,,,,,10,1,7,92,10,1
,,,409,57b715b842195e000159f82b,38,female,2022-11-22_10h15.43.209,onlinegloss,2022.2.3,Win32,59.93048064,,,,,,,,,41,32,space,4.0258,2,3.7019,,,,,,51,1,8,93,51,1
,,,409,57b715b842195e000159f82b,38,female,2022-11-22_10h15.43.209,onlinegloss,2022.2.3,Win32,59.93048064,,,,,,,,,38,32,space,1.8581,1,1.7338,,,,,,5,1,9,94,5,1
,,,409,57b715b842195e000159f82b,38,female,2022-11-22_10h15.43.209,onlinegloss,2022.2.3,Win32,59.93048064,,,,,,,,,28,32,space,1.8585,1,1.7855,,,,,,8,1,10,95,8,1
,,,409,57b715b842195e000159f82b,38,female,2022-11-22_10h15.43.209,onlinegloss,2022.2.3,Win32,59.93048064,,,,,,,,,39,32,space,3.0935,37,2.3689,,,,,,50,1,11,96,50,1
,,,409,57b715b842195e000159f82b,38,female,2022-11-22_10h15.43.209,onlinegloss,2022.2.3,Win32,59.93048064,,,,,,,,,31,32,space,2.3249,2,2.0031,,,,,,2,1,12,97,2,1
,,,409,57b715b842195e000159f82b,38,female,2022-11-22_10h15.43.209,onlinegloss,2022.2.3,Win32,59.93048064,,,,,,,,,33,32,space,2.527,35,1.6788,,,,,,46,1,13,98,46,1
,,,409,57b715b842195e000159f82b,38,female,2022-11-22_10h15.43.209,onlinegloss,2022.2.3,Win32,59.93048064,,,,,,,,,44,32,space,1.9022,48,1.5207,,,,,,74,1,14,99,74,1
,,,409,57b715b842195e000159f82b,38,female,2022-11-22_10h15.43.209,onlinegloss,2022.2.3,Win32,59.93048064,,,,,,,,,26,32,space,2.6084,48,1.2304,,,,,,84,1,15,100,84,1
,,,409,57b715b842195e000159f82b,38,female,2022-11-22_10h15.43.209,onlinegloss,2022.2.3,Win32,59.93048064,,,,,,,,,33,32,space,3.9329,9,1.951,,,,,,71,1,16,101,71,1
,,,409,57b715b842195e000159f82b,38,female,2022-11-22_10h15.43.209,onlinegloss,2022.2.3,Win32,59.93048064,,,,,,,,,44,32,space,9.3204,1,8.1383,,,,,,0,1,17,102,0,1
,,,409,57b715b842195e000159f82b,38,female,2022-11-22_10h15.43.209,onlinegloss,2022.2.3,Win32,59.93048064,,,,,,,,,28,32,space,2.883,8,2.5479,,,,,,72,1,18,103,72,1
,,,409,57b715b842195e000159f82b,38,female,2022-11-22_10h15.43.209,onlinegloss,2022.2.3,Win32,59.93048064,,,,,,,,,27,32,space,3.1712,4,2.8292,,,,,,15,1,19,104,15,1
,,,409,57b715b842195e000159f82b,38,female,2022-11-22_10h15.43.209,onlinegloss,2022.2.3,Win32,59.93048064,,,,,,,,,32,32,space,3.5916,18,3.2048,,,,,,28,1,20,105,28,1
,,,409,57b715b842195e000159f82b,38,female,2022-11-22_10h15.43.209,onlinegloss,2022.2.3,Win32,59.93048064,,,,,,,,,40,32,space,2.8417,11,2.4917,,,,,,43,1,21,106,43,1
,,,409,57b715b842195e000159f82b,38,female,2022-11-22_10h15.43.209,onlinegloss,2022.2.3,Win32,59.93048064,,,,,,,,,45,32,space,1.9958,,,,,,,,11,1,22,107,11,1
,,,409,57b715b842195e000159f82b,38,female,2022-11-22_10h15.43.209,onlinegloss,2022.2.3,Win32,59.93048064,,,,,,,,,49,32,space,4.2975,17,3.571,,,,,,24,1,23,108,24,1
,,,409,57b715b842195e000159f82b,38,female,2022-11-22_10h15.43.209,onlinegloss,2022.2.3,Win32,59.93048064,,,,,,,,,48,32,space,2.1004,32,1.4544,,,,,,7,1,24,109,7,1
,,,409,57b715b842195e000159f82b,38,female,2022-11-22_10h15.43.209,onlinegloss,2022.2.3,Win32,59.93048064,,,,,,,,,41,32,space,2.0227,20,1.586,,,,,,80,1,25,110,80,1
,,,409,57b715b842195e000159f82b,38,female,2022-11-22_10h15.43.209,onlinegloss,2022.2.3,Win32,59.93048064,,,,,,,,,35,32,space,2.4577,49,1.8589,,,,,,45,1,26,111,45,1
,,,409,57b715b842195e000159f82b,38,female,2022-11-22_10h15.43.209,onlinegloss,2022.2.3,Win32,59.93048064,,,,,,,,,26,32,space,2.1992,22,1.7475,,,,,,27,1,27,112,27,1
,,,409,57b715b842195e000159f82b,38,female,2022-11-22_10h15.43.209,onlinegloss,2022.2.3,Win32,59.93048064,,,,,,,,,34,32,space,2.1918,31,1.6358,,,,,,76,1,28,113,76,1
,,,409,57b715b842195e000159f82b,38,female,2022-11-22_10h15.43.209,onlinegloss,2022.2.3,Win32,59.93048064,,,,,,,,,49,32,space,2.421,44,1.3797,,,,,,81,1,29,114,81,1
,,,409,57b715b842195e000159f82b,38,female,2022-11-22_10h15.43.209,onlinegloss,2022.2.3,Win32,59.93048064,,,,,,,,,33,32,space,2.2255,42,1.6544,,,,,,78,1,30,115,78,1
,,,409,57b715b842195e000159f82b,38,female,2022-11-22_10h15.43.209,onlinegloss,2022.2.3,Win32,59.93048064,,,,,,,,,41,32,space,2.337,31,1.7335,,,,,,52,1,31,116,52,1
,,,409,57b715b842195e000159f82b,38,female,2022-11-22_10h15.43.209,onlinegloss,2022.2.3,Win32,59.93048064,,,,,,,,,36,32,space,2.4084,36,1.2862,,,,,,61,1,32,117,61,1
,,,409,57b715b842195e000159f82b,38,female,2022-11-22_10h15.43.209,onlinegloss,2022.2.3,Win32,59.93048064,,,,,,,,,45,32,space,2.7972,28,2.436,,,,,,37,1,33,118,37,1
,,,409,57b715b842195e000159f82b,38,female,2022-11-22_10h15.43.209,onlinegloss,2022.2.3,Win32,59.93048064,,,,,,,,,44,32,space,2.2643,21,1.9364,,,,,,41,1,34,119,41,1
,,,409,57b715b842195e000159f82b,38,female,2022-11-22_10h15.43.209,onlinegloss,2022.2.3,Win32,59.93048064,,,,,,,,,28,32,space,1.974,31,1.6181,,,,,,33,1,35,120,33,1
,,,409,57b715b842195e000159f82b,38,female,2022-11-22_10h15.43.209,onlinegloss,2022.2.3,Win32,59.93048064,,,,,,,,,35,32,space,1.9678,37,1.5543,,,,,,9,1,36,121,9,1
,,,409,57b715b842195e000159f82b,38,female,2022-11-22_10h15.43.209,onlinegloss,2022.2.3,Win32,59.93048064,,,,,,,,,26,32,space,2.0942,47,1.6884,,,,,,58,1,37,122,58,1
,,,409,57b715b842195e000159f82b,38,female,2022-11-22_10h15.43.209,onlinegloss,2022.2.3,Win32,59.93048064,,,,,,,,,27,32,space,1.659,41,1.1193,,,,,,25,1,38,123,25,1
,,,409,57b715b842195e000159f82b,38,female,2022-11-22_10h15.43.209,onlinegloss,2022.2.3,Win32,59.93048064,,,,,,,,,29,32,space,1.517,32,1.1526,,,,,,18,1,39,124,18,1
,,,409,57b715b842195e000159f82b,38,female,2022-11-22_10h15.43.209,onlinegloss,2022.2.3,Win32,59.93048064,,,,,,,,,29,32,space,2.199,38,1.8865,,,,,,56,1,40,125,56,1
,,,409,57b715b842195e000159f82b,38,female,2022-11-22_10h15.43.209,onlinegloss,2022.2.3,Win32,59.93048064,,,,,,,,,40,32,space,1.8639,19,1.5041,,,,,,31,1,41,126,31,1
,,,409,57b715b842195e000159f82b,38,female,2022-11-22_10h15.43.209,onlinegloss,2022.2.3,Win32,59.93048064,,,,,,,,,30,32,space,1.8917,11,1.5478,,,,,,1,1,42,127,1,1
,,,409,57b715b842195e000159f82b,38,female,2022-11-22_10h15.43.209,onlinegloss,2022.2.3,Win32,59.93048064,,,,,,,,,50,32,space,6.3965,33,6.0999,,,,,,35,1,43,128,35,1
,,,409,57b715b842195e000159f82b,38,female,2022-11-22_10h15.43.209,onlinegloss,2022.2.3,Win32,59.93048064,,,,,,,,,50,32,space,6.3275,25,5.9919,,,,,,39,1,44,129,39,1
,,,409,57b715b842195e000159f82b,38,female,2022-11-22_10h15.43.209,onlinegloss,2022.2.3,Win32,59.93048064,,,,,,,,,35,32,space,3.1648,31,1.9038,,,,,,66,1,45,130,66,1
,,,409,57b715b842195e000159f82b,38,female,2022-11-22_10h15.43.209,onlinegloss,2022.2.3,Win32,59.93048064,,,,,,,,,45,32,space,9.3243,15,9.084,,,,,,26,1,46,131,26,1
,,,409,57b715b842195e000159f82b,38,female,2022-11-22_10h15.43.209,onlinegloss,2022.2.3,Win32,59.93048064,,,,,,,,,31,32,space,1.9919,12,1.701,,,,,,29,1,47,132,29,1
,,,409,57b715b842195e000159f82b,38,female,2022-11-22_10h15.43.209,onlinegloss,2022.2.3,Win32,59.93048064,,,,,,,,,48,32,space,3.4583,5,3.203,,,,,,75,1,48,133,75,1
,,,409,57b715b842195e000159f82b,38,female,2022-11-22_10h15.43.209,onlinegloss,2022.2.3,Win32,59.93048064,,,,,,,,,45,32,space,2.4696,2,2.1228,,,,,,42,1,49,134,42,1
,,,409,57b715b842195e000159f82b,38,female,2022-11-22_10h15.43.209,onlinegloss,2022.2.3,Win32,59.93048064,,,,,,,,,50,32,space,2.9478,3,2.6391,,,,,,30,1,50,135,30,1
,,,409,57b715b842195e000159f82b,38,female,2022-11-22_10h15.43.209,onlinegloss,2022.2.3,Win32,59.93048064,,,,,,,,,34,32,space,2.159,40,1.8053,,,,,,13,1,51,136,13,1
,,,409,57b715b842195e000159f82b,38,female,2022-11-22_10h15.43.209,onlinegloss,2022.2.3,Win32,59.93048064,,,,,,,,,33,32,space,2.4787,8,2.2152,,,,,,19,1,52,137,19,1
,,,409,57b715b842195e000159f82b,38,female,2022-11-22_10h15.43.209,onlinegloss,2022.2.3,Win32,59.93048064,,,,,,,,,48,32,space,2.426,32,1.8197,,,,,,21,1,53,138,21,1
,,,409,57b715b842195e000159f82b,38,female,2022-11-22_10h15.43.209,onlinegloss,2022.2.3,Win32,59.93048064,,,,,,,,,49,32,space,2.0334,9,1.6971,,,,,,59,1,54,139,59,1
,,,409,57b715b842195e000159f82b,38,female,2022-11-22_10h15.43.209,onlinegloss,2022.2.3,Win32,59.93048064,,,,,,,,,44,32,space,2.7076,47,2.3017,,,,,,34,1,55,140,34,1
,,,409,57b715b842195e000159f82b,38,female,2022-11-22_10h15.43.209,onlinegloss,2022.2.3,Win32,59.93048064,,,,,,,,,36,32,space,2.6406,1,2.3547,,,,,,69,1,56,141,69,1
,,,409,57b715b842195e000159f82b,38,female,2022-11-22_10h15.43.209,onlinegloss,2022.2.3,Win32,59.93048064,,,,,,,,,47,32,space,1.7583,7,1.4934,,,,,,14,1,57,142,14,1
,,,409,57b715b842195e000159f82b,38,female,2022-11-22_10h15.43.209,onlinegloss,2022.2.3,Win32,59.93048064,,,,,,,,,46,32,space,6.0652,2,5.8597,,,,,,40,1,58,143,40,1
,,,409,57b715b842195e000159f82b,38,female,2022-11-22_10h15.43.209,onlinegloss,2022.2.3,Win32,59.93048064,,,,,,,,,37,32,space,2.9315,1,2.667,,,,,,57,1,59,144,57,1
,,,409,57b715b842195e000159f82b,38,female,2022-11-22_10h15.43.209,onlinegloss,2022.2.3,Win32,59.93048064,,,,,,,,,45,32,space,2.4903,36,2.1247,,,,,,23,1,60,145,23,1
,,,409,57b715b842195e000159f82b,38,female,2022-11-22_10h15.43.209,onlinegloss,2022.2.3,Win32,59.93048064,,,,,,,,,38,32,space,1.8083,27,1.5582,,,,,,4,1,61,146,4,1
,,,409,57b715b842195e000159f82b,38,female,2022-11-22_10h15.43.209,onlinegloss,2022.2.3,Win32,59.93048064,,,,,,,,,44,32,space,2.0269,7,1.683,,,,,,53,1,62,147,53,1
,,,409,57b715b842195e000159f82b,38,female,2022-11-22_10h15.43.209,onlinegloss,2022.2.3,Win32,59.93048064,,,,,,,,,44,32,space,2.3843,43,2.0429,,,,,,62,1,63,148,62,1
,,,409,57b715b842195e000159f82b,38,female,2022-11-22_10h15.43.209,onlinegloss,2022.2.3,Win32,59.93048064,,,,,,,,,29,32,space,2.0264,37,1.7591,,,,,,32,1,64,149,32,1
,,,409,57b715b842195e000159f82b,38,female,2022-11-22_10h15.43.209,onlinegloss,2022.2.3,Win32,59.93048064,,,,,,,,,27,32,space,2.3934,26,2.1203,,,,,,70,1,65,150,70,1
,,,409,57b715b842195e000159f82b,38,female,2022-11-22_10h15.43.209,onlinegloss,2022.2.3,Win32,59.93048064,,,,,,,,,34,32,space,1.988,45,1.718,,,,,,64,1,66,151,64,1
,,,409,57b715b842195e000159f82b,38,female,2022-11-22_10h15.43.209,onlinegloss,2022.2.3,Win32,59.93048064,,,,,,,,,35,32,space,2.0666,20,1.8241,,,,,,55,1,67,152,55,1
,,,409,57b715b842195e000159f82b,38,female,2022-11-22_10h15.43.209,onlinegloss,2022.2.3,Win32,59.93048064,,,,,,,,,41,32,space,3.4591,33,3.012,,,,,,68,1,68,153,68,1
,,,409,57b715b842195e000159f82b,38,female,2022-11-22_10h15.43.209,onlinegloss,2022.2.3,Win32,59.93048064,,,,,,,,,33,32,space,2.8787,8,2.404,,,,,,48,1,69,154,48,1
,,,409,57b715b842195e000159f82b,38,female,2022-11-22_10h15.43.209,onlinegloss,2022.2.3,Win32,59.93048064,,,,,,,,,35,32,space,2.6046,4,2.2914,,,,,,44,1,70,155,44,1
,,,409,57b715b842195e000159f82b,38,female,2022-11-22_10h15.43.209,onlinegloss,2022.2.3,Win32,59.93048064,,,,,,,,,42,32,space,2.5077,34,1.8171,,,,,,67,1,71,156,67,1
,,,409,57b715b842195e000159f82b,38,female,2022-11-22_10h15.43.209,onlinegloss,2022.2.3,Win32,59.93048064,,,,,,,,,33,32,space,1.7363,32,1.4373,,,,,,36,1,72,157,36,1
,,,409,57b715b842195e000159f82b,38,female,2022-11-22_10h15.43.209,onlinegloss,2022.2.3,Win32,59.93048064,,,,,,,,,34,32,space,2.6554,2,2.1762,,,,,,65,1,73,158,65,1
,,,409,57b715b842195e000159f82b,38,female,2022-11-22_10h15.43.209,onlinegloss,2022.2.3,Win32,59.93048064,,,,,,,,,31,32,space,4.5124,42,4.1787,,,,,,47,1,74,159,47,1
,,,409,57b715b842195e000159f82b,38,female,2022-11-22_10h15.43.209,onlinegloss,2022.2.3,Win32,59.93048064,,,,,,,,,47,32,space,1.7402,36,1.3968,,,,,,82,1,75,160,82,1
,,,409,57b715b842195e000159f82b,38,female,2022-11-22_10h15.43.209,onlinegloss,2022.2.3,Win32,59.93048064,,,,,,,,,48,32,space,2.2245,37,1.9042,,,,,,83,1,76,161,83,1
,,,409,57b715b842195e000159f82b,38,female,2022-11-22_10h15.43.209,onlinegloss,2022.2.3,Win32,59.93048064,,,,,,,,,48,32,space,3.4409,46,3.1588,,,,,,20,1,77,162,20,1
,,,409,57b715b842195e000159f82b,38,female,2022-11-22_10h15.43.209,onlinegloss,2022.2.3,Win32,59.93048064,,,,,,,,,46,32,space,3.4389,8,2.6832,,,,,,79,1,78,163,79,1
,,,409,57b715b842195e000159f82b,38,female,2022-11-22_10h15.43.209,onlinegloss,2022.2.3,Win32,59.93048064,,,,,,,,,49,32,space,2.6557,35,2.1342,,,,,,77,1,79,164,77,1
,,,409,57b715b842195e000159f82b,38,female,2022-11-22_10h15.43.209,onlinegloss,2022.2.3,Win32,59.93048064,,,,,,,,,44,32,space,1.9217,10,1.5993,,,,,,22,1,80,165,22,1
,,,409,57b715b842195e000159f82b,38,female,2022-11-22_10h15.43.209,onlinegloss,2022.2.3,Win32,59.93048064,,,,,,,,,44,32,space,2.4279,15,2.1317,,,,,,54,1,81,166,54,1
,,,409,57b715b842195e000159f82b,38,female,2022-11-22_10h15.43.209,onlinegloss,2022.2.3,Win32,59.93048064,,,,,,,,,47,32,space,2.1812,15,1.7108,,,,,,73,1,82,167,73,1
,,,409,57b715b842195e000159f82b,38,female,2022-11-22_10h15.43.209,onlinegloss,2022.2.3,Win32,59.93048064,,,,,,,,,37,32,space,2.4935,3,2.167,,,,,,12,1,83,168,12,1
,,,409,57b715b842195e000159f82b,38,female,2022-11-22_10h15.43.209,onlinegloss,2022.2.3,Win32,59.93048064,,,,,,,,,38,32,space,2.4068,1,2.1308,,,,,,16,1,84,169,16,1
,,,409,57b715b842195e000159f82b,38,female,2022-11-22_10h15.43.209,onlinegloss,2022.2.3,Win32,59.93048064,,,,,,,,,,,,,,,,,,,,,,,,,
